2026-10-08 07:39:25 | grama.data.build | INFO | decimal_DoS.csv                              74663 rows  -> DoS
2026-10-08 07:39:26 | grama.data.build | INFO | decimal_benign.csv                         1223737 rows  -> benign
2026-10-08 07:39:26 | grama.data.build | INFO | decimal_spoofing-GAS.csv                      9991 rows  -> spoofing-GAS
2026-10-08 07:39:26 | grama.data.build | INFO | decimal_spoofing-RPM.csv                     54900 rows  -> spoofing-RPM
2026-10-08 07:39:26 | grama.data.build | INFO | decimal_spoofing-SPEED.csv                   24951 rows  -> spoofing-SPEED
2026-10-08 07:39:26 | grama.data.build | INFO | decimal_spoofing-STEERING_WHEEL.csv          19977 rows  -> spoofing-STEERING_WHEEL
2026-10-08 07:39:26 | grama.data.build | INFO | Saved /home/jovyan/grama/data/processed/cic_iov2024_1427a6ad.pt | 78 CAN-ID nodes | sequences per class (train) [4720, 885, 118, 649, 295, 236] | (test) [960, 174, 23, 130, 59, 47]
2026-10-08 07:39:26 | grama.experiments | INFO | Data: cic_iov2024_1427a6ad.pt | 78 nodes | train 6903 / test 1393 sequences | device NVIDIA A100 80GB PCIe (79 GB)
2026-10-08 07:39:26 | grama.experiments | INFO | Profile new_baselines: 171 runs planned, 0 already done, 171 to go
2026-10-08 07:39:26 | grama.models.mamba_block | INFO | MambaBlock: using the pure-PyTorch selective scan.
2026-10-08 07:41:19 | grama.experiments | INFO | grama-foolsgold-a0.5-clean-f0-s0                 acc 1.0000  macro-F1 1.0000  (113s)
2026-10-08 07:42:18 | grama.experiments | INFO | grama-foolsgold-a0.5-label_flip-f0.2-s0          acc 0.0345  macro-F1 0.0144  (59s)
2026-10-08 07:44:01 | grama.experiments | INFO | grama-foolsgold-a0.5-label_flip-f0.3-s0          acc 0.1924  macro-F1 0.2973  (102s)
2026-10-08 07:46:55 | grama.experiments | INFO | grama-foolsgold-a0.5-label_flip-f0.4-s0          acc 0.0079  macro-F1 0.0183  (174s)
2026-10-08 07:50:23 | grama.experiments | INFO | grama-foolsgold-a0.5-targeted_flip-f0.2-s0       acc 0.7229  macro-F1 0.3054  (207s)
2026-10-08 07:54:30 | grama.experiments | INFO | grama-foolsgold-a0.5-targeted_flip-f0.3-s0       acc 0.9914  macro-F1 0.9393  (246s)
2026-10-08 07:58:21 | grama.experiments | INFO | grama-foolsgold-a0.5-targeted_flip-f0.4-s0       acc 1.0000  macro-F1 1.0000  (230s)
2026-10-08 08:01:25 | grama.experiments | INFO | grama-foolsgold-a0.5-magnitude_poison-f0.2-s0    acc 0.9914  macro-F1 0.9708  (184s)
2026-10-08 08:03:59 | grama.experiments | INFO | grama-foolsgold-a0.5-magnitude_poison-f0.3-s0    acc 0.9002  macro-F1 0.6729  (153s)
2026-10-08 08:07:23 | grama.experiments | INFO | grama-foolsgold-a0.5-magnitude_poison-f0.4-s0    acc 0.9404  macro-F1 0.6743  (204s)
2026-10-08 08:11:07 | grama.experiments | INFO | grama-foolsgold-a0.5-alie-f0.2-s0                acc 1.0000  macro-F1 1.0000  (224s)
2026-10-08 08:15:03 | grama.experiments | INFO | grama-foolsgold-a0.5-alie-f0.3-s0                acc 1.0000  macro-F1 1.0000  (235s)
2026-10-08 08:18:40 | grama.experiments | INFO | grama-foolsgold-a0.5-alie-f0.4-s0                acc 1.0000  macro-F1 1.0000  (216s)
2026-10-08 08:21:09 | grama.experiments | INFO | grama-deepsight-a0.5-clean-f0-s0                 acc 1.0000  macro-F1 1.0000  (148s)
2026-10-08 08:23:42 | grama.experiments | INFO | grama-deepsight-a0.5-label_flip-f0.2-s0          acc 1.0000  macro-F1 1.0000  (153s)
2026-10-08 08:27:10 | grama.experiments | INFO | grama-deepsight-a0.5-label_flip-f0.3-s0          acc 1.0000  macro-F1 1.0000  (208s)
2026-10-08 08:31:05 | grama.experiments | INFO | grama-deepsight-a0.5-label_flip-f0.4-s0          acc 0.9677  macro-F1 0.9191  (234s)
2026-10-08 08:35:04 | grama.experiments | INFO | grama-deepsight-a0.5-targeted_flip-f0.2-s0       acc 1.0000  macro-F1 1.0000  (239s)
2026-10-08 08:38:49 | grama.experiments | INFO | grama-deepsight-a0.5-targeted_flip-f0.3-s0       acc 0.9239  macro-F1 0.8083  (224s)
2026-10-08 08:41:20 | grama.experiments | INFO | grama-deepsight-a0.5-targeted_flip-f0.4-s0       acc 0.9332  macro-F1 0.7485  (151s)
2026-10-08 08:43:53 | grama.experiments | INFO | grama-deepsight-a0.5-magnitude_poison-f0.2-s0    acc 1.0000  macro-F1 1.0000  (153s)
2026-10-08 08:47:27 | grama.experiments | INFO | grama-deepsight-a0.5-magnitude_poison-f0.3-s0    acc 1.0000  macro-F1 1.0000  (213s)
2026-10-08 08:51:12 | grama.experiments | INFO | grama-deepsight-a0.5-magnitude_poison-f0.4-s0    acc 1.0000  macro-F1 1.0000  (225s)
2026-10-08 08:55:04 | grama.experiments | INFO | grama-deepsight-a0.5-alie-f0.2-s0                acc 1.0000  macro-F1 1.0000  (231s)
2026-10-08 08:58:29 | grama.experiments | INFO | grama-deepsight-a0.5-alie-f0.3-s0                acc 1.0000  macro-F1 1.0000  (205s)
2026-10-08 09:01:23 | grama.experiments | INFO | grama-deepsight-a0.5-alie-f0.4-s0                acc 0.9921  macro-F1 0.9761  (174s)
2026-10-08 09:04:12 | grama.experiments | INFO | grama-freqfed-a0.5-clean-f0-s0                   acc 1.0000  macro-F1 1.0000  (169s)
2026-10-08 09:07:54 | grama.experiments | INFO | grama-freqfed-a0.5-label_flip-f0.2-s0            acc 1.0000  macro-F1 1.0000  (222s)
2026-10-08 09:11:46 | grama.experiments | INFO | grama-freqfed-a0.5-label_flip-f0.3-s0            acc 1.0000  macro-F1 1.0000  (231s)
2026-10-08 09:15:49 | grama.experiments | INFO | grama-freqfed-a0.5-label_flip-f0.4-s0            acc 1.0000  macro-F1 1.0000  (242s)
2026-10-08 09:21:15 | grama.experiments | INFO | grama-freqfed-a0.5-targeted_flip-f0.2-s0         acc 1.0000  macro-F1 1.0000  (326s)
2026-10-08 09:27:11 | grama.experiments | INFO | grama-freqfed-a0.5-targeted_flip-f0.3-s0         acc 0.9993  macro-F1 0.9985  (355s)
2026-10-08 09:33:13 | grama.experiments | INFO | grama-freqfed-a0.5-targeted_flip-f0.4-s0         acc 1.0000  macro-F1 1.0000  (361s)
2026-10-08 09:39:04 | grama.experiments | INFO | grama-freqfed-a0.5-magnitude_poison-f0.2-s0      acc 1.0000  macro-F1 1.0000  (350s)
2026-10-08 09:43:15 | grama.experiments | INFO | grama-freqfed-a0.5-magnitude_poison-f0.3-s0      acc 0.9921  macro-F1 0.9409  (251s)
2026-10-08 09:46:08 | grama.experiments | INFO | grama-freqfed-a0.5-magnitude_poison-f0.4-s0      acc 0.9993  macro-F1 0.9979  (173s)
2026-10-08 09:48:46 | grama.experiments | INFO | grama-freqfed-a0.5-alie-f0.2-s0                  acc 1.0000  macro-F1 1.0000  (158s)
2026-10-08 09:52:01 | grama.experiments | INFO | grama-freqfed-a0.5-alie-f0.3-s0                  acc 0.9835  macro-F1 0.9708  (194s)
2026-10-08 09:56:03 | grama.experiments | INFO | grama-freqfed-a0.5-alie-f0.4-s0                  acc 1.0000  macro-F1 1.0000  (242s)
2026-10-08 10:00:18 | grama.experiments | INFO | grama-foolsgold-a0.5-clean-f0-s1                 acc 1.0000  macro-F1 1.0000  (254s)
2026-10-08 10:05:58 | grama.experiments | INFO | grama-foolsgold-a0.5-label_flip-f0.2-s1          acc 0.0000  macro-F1 0.0000  (340s)
2026-10-08 10:11:57 | grama.experiments | INFO | grama-foolsgold-a0.5-label_flip-f0.3-s1          acc 0.0000  macro-F1 0.0000  (358s)
2026-10-08 10:18:31 | grama.experiments | INFO | grama-foolsgold-a0.5-label_flip-f0.4-s1          acc 0.0000  macro-F1 0.0000  (392s)
2026-10-08 10:24:11 | grama.experiments | INFO | grama-foolsgold-a0.5-targeted_flip-f0.2-s1       acc 1.0000  macro-F1 1.0000  (340s)
2026-10-08 10:28:38 | grama.experiments | INFO | grama-foolsgold-a0.5-targeted_flip-f0.3-s1       acc 1.0000  macro-F1 1.0000  (266s)
2026-10-08 10:31:12 | grama.experiments | INFO | grama-foolsgold-a0.5-targeted_flip-f0.4-s1       acc 0.9993  macro-F1 0.9985  (154s)
2026-10-08 10:34:24 | grama.experiments | INFO | grama-foolsgold-a0.5-magnitude_poison-f0.2-s1    acc 0.9756  macro-F1 0.7969  (191s)
2026-10-08 10:37:52 | grama.experiments | INFO | grama-foolsgold-a0.5-magnitude_poison-f0.3-s1    acc 0.8169  macro-F1 0.5631  (208s)
2026-10-08 10:42:08 | grama.experiments | INFO | grama-foolsgold-a0.5-magnitude_poison-f0.4-s1    acc 0.9756  macro-F1 0.7887  (255s)
2026-10-08 10:46:09 | grama.experiments | INFO | grama-foolsgold-a0.5-alie-f0.2-s1                acc 1.0000  macro-F1 1.0000  (240s)
2026-10-08 10:52:01 | grama.experiments | INFO | grama-foolsgold-a0.5-alie-f0.3-s1                acc 1.0000  macro-F1 1.0000  (352s)
2026-10-08 10:57:52 | grama.experiments | INFO | grama-foolsgold-a0.5-alie-f0.4-s1                acc 1.0000  macro-F1 1.0000  (350s)
2026-10-08 11:04:10 | grama.experiments | INFO | grama-deepsight-a0.5-clean-f0-s1                 acc 1.0000  macro-F1 1.0000  (378s)
2026-10-08 11:09:35 | grama.experiments | INFO | grama-deepsight-a0.5-label_flip-f0.2-s1          acc 1.0000  macro-F1 1.0000  (324s)
2026-10-08 11:12:43 | grama.experiments | INFO | grama-deepsight-a0.5-label_flip-f0.3-s1          acc 1.0000  macro-F1 1.0000  (189s)
2026-10-08 11:15:17 | grama.experiments | INFO | grama-deepsight-a0.5-label_flip-f0.4-s1          acc 0.9842  macro-F1 0.9219  (153s)
2026-10-08 11:18:41 | grama.experiments | INFO | grama-deepsight-a0.5-targeted_flip-f0.2-s1       acc 1.0000  macro-F1 1.0000  (204s)
2026-10-08 11:22:37 | grama.experiments | INFO | grama-deepsight-a0.5-targeted_flip-f0.3-s1       acc 1.0000  macro-F1 1.0000  (235s)
2026-10-08 11:26:39 | grama.experiments | INFO | grama-deepsight-a0.5-targeted_flip-f0.4-s1       acc 0.9576  macro-F1 0.8714  (242s)
2026-10-08 11:30:35 | grama.experiments | INFO | grama-deepsight-a0.5-magnitude_poison-f0.2-s1    acc 1.0000  macro-F1 1.0000  (236s)
2026-10-08 11:36:37 | grama.experiments | INFO | grama-deepsight-a0.5-magnitude_poison-f0.3-s1    acc 1.0000  macro-F1 1.0000  (361s)
2026-10-08 11:42:44 | grama.experiments | INFO | grama-deepsight-a0.5-magnitude_poison-f0.4-s1    acc 1.0000  macro-F1 1.0000  (367s)
2026-10-08 11:48:28 | grama.experiments | INFO | grama-deepsight-a0.5-alie-f0.2-s1                acc 1.0000  macro-F1 1.0000  (343s)
2026-10-08 11:54:40 | grama.experiments | INFO | grama-deepsight-a0.5-alie-f0.3-s1                acc 0.9993  macro-F1 0.9985  (372s)
2026-10-08 11:57:39 | grama.experiments | INFO | grama-deepsight-a0.5-alie-f0.4-s1                acc 0.9239  macro-F1 0.6618  (178s)
2026-10-08 12:00:29 | grama.experiments | INFO | grama-freqfed-a0.5-clean-f0-s1                   acc 1.0000  macro-F1 1.0000  (170s)
2026-10-08 12:03:54 | grama.experiments | INFO | grama-freqfed-a0.5-label_flip-f0.2-s1            acc 1.0000  macro-F1 1.0000  (204s)
2026-10-08 12:07:52 | grama.experiments | INFO | grama-freqfed-a0.5-label_flip-f0.3-s1            acc 1.0000  macro-F1 1.0000  (237s)
2026-10-08 12:12:00 | grama.experiments | INFO | grama-freqfed-a0.5-label_flip-f0.4-s1            acc 1.0000  macro-F1 1.0000  (247s)
2026-10-08 12:16:36 | grama.experiments | INFO | grama-freqfed-a0.5-targeted_flip-f0.2-s1         acc 1.0000  macro-F1 1.0000  (275s)
2026-10-08 12:22:34 | grama.experiments | INFO | grama-freqfed-a0.5-targeted_flip-f0.3-s1         acc 0.9993  macro-F1 0.9976  (357s)
2026-10-08 12:28:31 | grama.experiments | INFO | grama-freqfed-a0.5-targeted_flip-f0.4-s1         acc 0.9921  macro-F1 0.9507  (357s)
2026-10-08 12:34:23 | grama.experiments | INFO | grama-freqfed-a0.5-magnitude_poison-f0.2-s1      acc 1.0000  macro-F1 1.0000  (351s)
2026-10-08 12:40:03 | grama.experiments | INFO | grama-freqfed-a0.5-magnitude_poison-f0.3-s1      acc 1.0000  macro-F1 1.0000  (340s)
2026-10-08 12:42:35 | grama.experiments | INFO | grama-freqfed-a0.5-magnitude_poison-f0.4-s1      acc 0.9756  macro-F1 0.7969  (151s)
2026-10-08 12:45:26 | grama.experiments | INFO | grama-freqfed-a0.5-alie-f0.2-s1                  acc 1.0000  macro-F1 1.0000  (171s)
2026-10-08 12:49:05 | grama.experiments | INFO | grama-freqfed-a0.5-alie-f0.3-s1                  acc 0.9907  macro-F1 0.9443  (218s)
2026-10-08 12:53:27 | grama.experiments | INFO | grama-freqfed-a0.5-alie-f0.4-s1                  acc 0.9411  macro-F1 0.6078  (262s)
2026-10-08 12:56:36 | grama.experiments | INFO | grama-foolsgold-a0.5-clean-f0-s2                 acc 0.9921  macro-F1 0.9507  (189s)
2026-10-08 13:01:04 | grama.experiments | INFO | grama-foolsgold-a0.5-label_flip-f0.2-s2          acc 0.0000  macro-F1 0.0000  (268s)
2026-10-08 13:06:47 | grama.experiments | INFO | grama-foolsgold-a0.5-label_flip-f0.3-s2          acc 0.0000  macro-F1 0.0000  (343s)
2026-10-08 13:12:29 | grama.experiments | INFO | grama-foolsgold-a0.5-label_flip-f0.4-s2          acc 0.0330  macro-F1 0.0514  (341s)
2026-10-08 13:17:52 | grama.experiments | INFO | grama-foolsgold-a0.5-targeted_flip-f0.2-s2       acc 0.9835  macro-F1 0.9192  (323s)
2026-10-08 13:23:47 | grama.experiments | INFO | grama-foolsgold-a0.5-targeted_flip-f0.3-s2       acc 1.0000  macro-F1 1.0000  (354s)
2026-10-08 13:28:54 | grama.experiments | INFO | grama-foolsgold-a0.5-targeted_flip-f0.4-s2       acc 0.9914  macro-F1 0.9483  (306s)
2026-10-08 13:34:43 | grama.experiments | INFO | grama-foolsgold-a0.5-magnitude_poison-f0.2-s2    acc 0.9584  macro-F1 0.8972  (348s)
2026-10-08 13:40:19 | grama.experiments | INFO | grama-foolsgold-a0.5-magnitude_poison-f0.3-s2    acc 0.9598  macro-F1 0.7142  (335s)
2026-10-08 13:45:33 | grama.experiments | INFO | grama-foolsgold-a0.5-magnitude_poison-f0.4-s2    acc 0.2268  macro-F1 0.6030  (314s)
2026-10-08 13:51:26 | grama.experiments | INFO | grama-foolsgold-a0.5-alie-f0.2-s2                acc 1.0000  macro-F1 1.0000  (352s)
2026-10-08 13:57:14 | grama.experiments | INFO | grama-foolsgold-a0.5-alie-f0.3-s2                acc 1.0000  macro-F1 1.0000  (347s)
2026-10-08 14:02:43 | grama.experiments | INFO | grama-foolsgold-a0.5-alie-f0.4-s2                acc 1.0000  macro-F1 1.0000  (328s)
2026-10-08 14:08:41 | grama.experiments | INFO | grama-deepsight-a0.5-clean-f0-s2                 acc 1.0000  macro-F1 1.0000  (357s)
2026-10-08 14:14:02 | grama.experiments | INFO | grama-deepsight-a0.5-label_flip-f0.2-s2          acc 1.0000  macro-F1 1.0000  (321s)
2026-10-08 14:20:00 | grama.experiments | INFO | grama-deepsight-a0.5-label_flip-f0.3-s2          acc 0.3108  macro-F1 0.6815  (357s)
2026-10-08 14:25:56 | grama.experiments | INFO | grama-deepsight-a0.5-label_flip-f0.4-s2          acc 0.1701  macro-F1 0.2679  (355s)
2026-10-08 14:31:52 | grama.experiments | INFO | grama-deepsight-a0.5-targeted_flip-f0.2-s2       acc 0.9993  macro-F1 0.9979  (355s)
2026-10-08 14:37:52 | grama.experiments | INFO | grama-deepsight-a0.5-targeted_flip-f0.3-s2       acc 0.9569  macro-F1 0.7770  (360s)
2026-10-08 14:44:02 | grama.experiments | INFO | grama-deepsight-a0.5-targeted_flip-f0.4-s2       acc 0.7990  macro-F1 0.3014  (369s)
2026-10-08 14:50:07 | grama.experiments | INFO | grama-deepsight-a0.5-magnitude_poison-f0.2-s2    acc 0.9842  macro-F1 0.9584  (364s)
2026-10-08 14:56:11 | grama.experiments | INFO | grama-deepsight-a0.5-magnitude_poison-f0.3-s2    acc 0.9842  macro-F1 0.9294  (364s)
2026-10-08 14:59:07 | grama.experiments | INFO | grama-deepsight-a0.5-magnitude_poison-f0.4-s2    acc 0.9993  macro-F1 0.9979  (175s)
2026-10-08 15:02:25 | grama.experiments | INFO | grama-deepsight-a0.5-alie-f0.2-s2                acc 1.0000  macro-F1 1.0000  (197s)
2026-10-08 15:07:09 | grama.experiments | INFO | grama-deepsight-a0.5-alie-f0.3-s2                acc 1.0000  macro-F1 1.0000  (283s)
2026-10-08 15:11:13 | grama.experiments | INFO | grama-deepsight-a0.5-alie-f0.4-s2                acc 0.9734  macro-F1 0.7931  (244s)
2026-10-08 15:17:03 | grama.experiments | INFO | grama-freqfed-a0.5-clean-f0-s2                   acc 0.9928  macro-F1 0.9803  (350s)
2026-10-08 15:22:40 | grama.experiments | INFO | grama-freqfed-a0.5-label_flip-f0.2-s2            acc 1.0000  macro-F1 1.0000  (336s)
2026-10-08 15:27:59 | grama.experiments | INFO | grama-freqfed-a0.5-label_flip-f0.3-s2            acc 1.0000  macro-F1 1.0000  (318s)
2026-10-08 15:33:40 | grama.experiments | INFO | grama-freqfed-a0.5-label_flip-f0.4-s2            acc 1.0000  macro-F1 1.0000  (340s)
2026-10-08 15:39:20 | grama.experiments | INFO | grama-freqfed-a0.5-targeted_flip-f0.2-s2         acc 1.0000  macro-F1 1.0000  (339s)
2026-10-08 15:44:46 | grama.experiments | INFO | grama-freqfed-a0.5-targeted_flip-f0.3-s2         acc 1.0000  macro-F1 1.0000  (325s)
2026-10-08 15:50:46 | grama.experiments | INFO | grama-freqfed-a0.5-targeted_flip-f0.4-s2         acc 0.9239  macro-F1 0.6517  (360s)
2026-10-08 15:56:10 | grama.experiments | INFO | grama-freqfed-a0.5-magnitude_poison-f0.2-s2      acc 1.0000  macro-F1 1.0000  (323s)
2026-10-08 16:01:47 | grama.experiments | INFO | grama-freqfed-a0.5-magnitude_poison-f0.3-s2      acc 0.9993  macro-F1 0.9979  (337s)
2026-10-08 16:07:27 | grama.experiments | INFO | grama-freqfed-a0.5-magnitude_poison-f0.4-s2      acc 0.9591  macro-F1 0.8699  (339s)
2026-10-08 16:13:11 | grama.experiments | INFO | grama-freqfed-a0.5-alie-f0.2-s2                  acc 1.0000  macro-F1 1.0000  (343s)
2026-10-08 16:19:02 | grama.experiments | INFO | grama-freqfed-a0.5-alie-f0.3-s2                  acc 0.9914  macro-F1 0.9483  (351s)
2026-10-08 16:24:27 | grama.experiments | INFO | grama-freqfed-a0.5-alie-f0.4-s2                  acc 0.9390  macro-F1 0.6253  (324s)
2026-10-08 16:29:55 | grama.experiments | INFO | grama-foolsgold-a0.5-clean-f0-s3                 acc 0.9928  macro-F1 0.9803  (328s)
2026-10-08 16:35:57 | grama.experiments | INFO | grama-foolsgold-a0.5-label_flip-f0.3-s3          acc 0.0424  macro-F1 0.0177  (361s)
2026-10-08 16:42:02 | grama.experiments | INFO | grama-foolsgold-a0.5-label_flip-f0.4-s3          acc 0.0345  macro-F1 0.0569  (365s)
2026-10-08 16:48:07 | grama.experiments | INFO | grama-foolsgold-a0.5-targeted_flip-f0.3-s3       acc 0.9835  macro-F1 0.9208  (364s)
2026-10-08 16:54:21 | grama.experiments | INFO | grama-foolsgold-a0.5-targeted_flip-f0.4-s3       acc 0.7229  macro-F1 0.2866  (373s)
2026-10-08 17:00:27 | grama.experiments | INFO | grama-foolsgold-a0.5-magnitude_poison-f0.3-s3    acc 0.8169  macro-F1 0.3670  (365s)
2026-10-08 17:06:34 | grama.experiments | INFO | grama-foolsgold-a0.5-magnitude_poison-f0.4-s3    acc 0.8564  macro-F1 0.3952  (366s)
2026-10-08 17:10:39 | grama.experiments | INFO | grama-foolsgold-a0.5-alie-f0.3-s3                acc 1.0000  macro-F1 1.0000  (244s)
2026-10-08 17:13:47 | grama.experiments | INFO | grama-foolsgold-a0.5-alie-f0.4-s3                acc 1.0000  macro-F1 1.0000  (188s)
2026-10-08 17:17:42 | grama.experiments | INFO | grama-deepsight-a0.5-clean-f0-s3                 acc 1.0000  macro-F1 1.0000  (234s)
2026-10-08 17:21:29 | grama.experiments | INFO | grama-deepsight-a0.5-label_flip-f0.3-s3          acc 1.0000  macro-F1 1.0000  (227s)
2026-10-08 17:25:56 | grama.experiments | INFO | grama-deepsight-a0.5-label_flip-f0.4-s3          acc 0.9921  macro-F1 0.9761  (266s)
2026-10-08 17:31:26 | grama.experiments | INFO | grama-deepsight-a0.5-targeted_flip-f0.3-s3       acc 0.9756  macro-F1 0.7969  (329s)
2026-10-08 17:36:58 | grama.experiments | INFO | grama-deepsight-a0.5-targeted_flip-f0.4-s3       acc 0.9756  macro-F1 0.7969  (332s)
2026-10-08 17:42:23 | grama.experiments | INFO | grama-deepsight-a0.5-magnitude_poison-f0.3-s3    acc 1.0000  macro-F1 1.0000  (324s)
2026-10-08 17:48:12 | grama.experiments | INFO | grama-deepsight-a0.5-magnitude_poison-f0.4-s3    acc 1.0000  macro-F1 1.0000  (348s)
2026-10-08 17:53:24 | grama.experiments | INFO | grama-deepsight-a0.5-alie-f0.3-s3                acc 1.0000  macro-F1 1.0000  (312s)
2026-10-08 17:59:32 | grama.experiments | INFO | grama-deepsight-a0.5-alie-f0.4-s3                acc 0.7660  macro-F1 0.3181  (367s)
2026-10-08 18:04:40 | grama.experiments | INFO | grama-freqfed-a0.5-clean-f0-s3                   acc 1.0000  macro-F1 1.0000  (307s)
2026-10-08 18:10:15 | grama.experiments | INFO | grama-freqfed-a0.5-label_flip-f0.3-s3            acc 1.0000  macro-F1 1.0000  (335s)
2026-10-08 18:16:35 | grama.experiments | INFO | grama-freqfed-a0.5-label_flip-f0.4-s3            acc 1.0000  macro-F1 1.0000  (379s)
2026-10-08 18:22:07 | grama.experiments | INFO | grama-freqfed-a0.5-targeted_flip-f0.3-s3         acc 0.9993  macro-F1 0.9976  (332s)
2026-10-08 18:28:09 | grama.experiments | INFO | grama-freqfed-a0.5-targeted_flip-f0.4-s3         acc 0.9921  macro-F1 0.9761  (362s)
2026-10-08 18:33:24 | grama.experiments | INFO | grama-freqfed-a0.5-magnitude_poison-f0.3-s3      acc 1.0000  macro-F1 1.0000  (314s)
2026-10-08 18:39:11 | grama.experiments | INFO | grama-freqfed-a0.5-magnitude_poison-f0.4-s3      acc 1.0000  macro-F1 1.0000  (346s)
2026-10-08 18:45:20 | grama.experiments | INFO | grama-freqfed-a0.5-alie-f0.3-s3                  acc 1.0000  macro-F1 1.0000  (369s)
2026-10-08 18:50:48 | grama.experiments | INFO | grama-freqfed-a0.5-alie-f0.4-s3                  acc 0.7581  macro-F1 0.2868  (328s)
2026-10-08 18:56:35 | grama.experiments | INFO | grama-foolsgold-a0.5-clean-f0-s4                 acc 1.0000  macro-F1 1.0000  (346s)
2026-10-08 19:02:36 | grama.experiments | INFO | grama-foolsgold-a0.5-label_flip-f0.3-s4          acc 0.0000  macro-F1 0.0000  (361s)
2026-10-08 19:08:19 | grama.experiments | INFO | grama-foolsgold-a0.5-label_flip-f0.4-s4          acc 0.0345  macro-F1 0.0234  (342s)
2026-10-08 19:14:28 | grama.experiments | INFO | grama-foolsgold-a0.5-targeted_flip-f0.3-s4       acc 0.9914  macro-F1 0.9575  (368s)
2026-10-08 19:20:36 | grama.experiments | INFO | grama-foolsgold-a0.5-targeted_flip-f0.4-s4       acc 0.9835  macro-F1 0.8061  (368s)
2026-10-08 19:24:53 | grama.experiments | INFO | grama-foolsgold-a0.5-magnitude_poison-f0.3-s4    acc 0.8177  macro-F1 0.5484  (256s)
2026-10-08 19:27:31 | grama.experiments | INFO | grama-foolsgold-a0.5-magnitude_poison-f0.4-s4    acc 0.8507  macro-F1 0.5755  (157s)
2026-10-08 19:30:56 | grama.experiments | INFO | grama-foolsgold-a0.5-alie-f0.3-s4                acc 1.0000  macro-F1 1.0000  (205s)
2026-10-08 19:35:16 | grama.experiments | INFO | grama-foolsgold-a0.5-alie-f0.4-s4                acc 1.0000  macro-F1 1.0000  (260s)
2026-10-08 19:39:29 | grama.experiments | INFO | grama-deepsight-a0.5-clean-f0-s4                 acc 1.0000  macro-F1 1.0000  (253s)
2026-10-08 19:44:38 | grama.experiments | INFO | grama-deepsight-a0.5-label_flip-f0.3-s4          acc 0.8981  macro-F1 0.9206  (308s)
2026-10-08 19:50:23 | grama.experiments | INFO | grama-deepsight-a0.5-label_flip-f0.4-s4          acc 0.2541  macro-F1 0.4318  (345s)
2026-10-08 19:55:45 | grama.experiments | INFO | grama-deepsight-a0.5-targeted_flip-f0.3-s4       acc 0.9340  macro-F1 0.7846  (321s)
2026-10-08 20:01:09 | grama.experiments | INFO | grama-deepsight-a0.5-targeted_flip-f0.4-s4       acc 0.6892  macro-F1 0.1360  (323s)
2026-10-08 20:06:28 | grama.experiments | INFO | grama-deepsight-a0.5-magnitude_poison-f0.3-s4    acc 1.0000  macro-F1 1.0000  (319s)
2026-10-08 20:12:05 | grama.experiments | INFO | grama-deepsight-a0.5-magnitude_poison-f0.4-s4    acc 1.0000  macro-F1 1.0000  (336s)
2026-10-08 20:17:12 | grama.experiments | INFO | grama-deepsight-a0.5-alie-f0.3-s4                acc 1.0000  macro-F1 1.0000  (307s)
2026-10-08 20:22:57 | grama.experiments | INFO | grama-deepsight-a0.5-alie-f0.4-s4                acc 0.8729  macro-F1 0.4670  (344s)
2026-10-08 20:28:13 | grama.experiments | INFO | grama-freqfed-a0.5-clean-f0-s4                   acc 1.0000  macro-F1 1.0000  (315s)
2026-10-08 20:33:40 | grama.experiments | INFO | grama-freqfed-a0.5-label_flip-f0.3-s4            acc 1.0000  macro-F1 1.0000  (326s)
2026-10-08 20:39:42 | grama.experiments | INFO | grama-freqfed-a0.5-label_flip-f0.4-s4            acc 0.2778  macro-F1 0.5804  (361s)
2026-10-08 20:45:01 | grama.experiments | INFO | grama-freqfed-a0.5-targeted_flip-f0.3-s4         acc 1.0000  macro-F1 1.0000  (318s)
2026-10-08 20:50:49 | grama.experiments | INFO | grama-freqfed-a0.5-targeted_flip-f0.4-s4         acc 0.6892  macro-F1 0.1360  (348s)
2026-10-08 20:56:18 | grama.experiments | INFO | grama-freqfed-a0.5-magnitude_poison-f0.3-s4      acc 0.9921  macro-F1 0.9507  (328s)
2026-10-08 21:02:06 | grama.experiments | INFO | grama-freqfed-a0.5-magnitude_poison-f0.4-s4      acc 1.0000  macro-F1 1.0000  (348s)
2026-10-08 21:07:50 | grama.experiments | INFO | grama-freqfed-a0.5-alie-f0.3-s4                  acc 0.9921  macro-F1 0.9507  (343s)
2026-10-08 21:13:17 | grama.experiments | INFO | grama-freqfed-a0.5-alie-f0.4-s4                  acc 0.4178  macro-F1 0.2479  (326s)

Done in 813.9 min. Results: /home/jovyan/grama/results/new_baselines/summary.md
2026-10-08 21:13:24 | grama.data.build | INFO | Reusing /home/jovyan/grama/data/processed/cic_iov2024_1427a6ad.pt
2026-10-08 21:13:24 | grama.experiments | INFO | Data: cic_iov2024_1427a6ad.pt | 78 nodes | train 6903 / test 1393 sequences | device NVIDIA A100 80GB PCIe (79 GB)
2026-10-08 21:13:24 | grama.experiments | INFO | Copied 11 finished runs from full
2026-10-08 21:13:24 | grama.experiments | INFO | Profile def_ablation: 105 runs planned, 11 already done, 94 to go
2026-10-08 21:13:24 | grama.models.mamba_block | INFO | MambaBlock: using the pure-PyTorch selective scan.
2026-10-08 21:19:48 | grama.experiments | INFO | grama-hdbscan_pca-a0.5-clean-f0-s0               acc 1.0000  macro-F1 1.0000  (383s)
2026-10-08 21:25:41 | grama.experiments | INFO | grama-hdbscan_pca-a0.5-targeted_flip-f0.2-s0     acc 1.0000  macro-F1 1.0000  (353s)
2026-10-08 21:31:03 | grama.experiments | INFO | grama-hdbscan_pca-a0.5-targeted_flip-f0.4-s0     acc 0.9907  macro-F1 0.9894  (321s)
2026-10-08 21:35:24 | grama.experiments | INFO | grama-hdbscan_pca-a0.5-alie-f0.2-s0              acc 1.0000  macro-F1 1.0000  (261s)
2026-10-08 21:38:19 | grama.experiments | INFO | grama-hdbscan_pca-a0.5-alie-f0.4-s0              acc 0.9835  macro-F1 0.9143  (174s)
2026-10-08 21:42:35 | grama.experiments | INFO | grama-hdbscan_raw-a0.5-clean-f0-s0               acc 1.0000  macro-F1 1.0000  (255s)
2026-10-08 21:46:08 | grama.experiments | INFO | grama-hdbscan_raw-a0.5-targeted_flip-f0.2-s0     acc 0.9921  macro-F1 0.9917  (213s)
2026-10-08 21:50:40 | grama.experiments | INFO | grama-hdbscan_raw-a0.5-targeted_flip-f0.4-s0     acc 0.7566  macro-F1 0.4561  (271s)
2026-10-08 21:56:21 | grama.experiments | INFO | grama-hdbscan_raw-a0.5-alie-f0.2-s0              acc 1.0000  macro-F1 1.0000  (341s)
2026-10-08 22:02:03 | grama.experiments | INFO | grama-hdbscan_raw-a0.5-alie-f0.4-s0              acc 0.9497  macro-F1 0.6975  (341s)
2026-10-08 22:08:09 | grama.experiments | INFO | grama-hdbscan_no_rescale-a0.5-clean-f0-s0        acc 1.0000  macro-F1 1.0000  (365s)
2026-10-08 22:14:24 | grama.experiments | INFO | grama-hdbscan_no_rescale-a0.5-targeted_flip-f0.2-s0 acc 1.0000  macro-F1 1.0000  (375s)
2026-10-08 22:20:37 | grama.experiments | INFO | grama-hdbscan_no_rescale-a0.5-targeted_flip-f0.4-s0 acc 0.9835  macro-F1 0.8112  (372s)
2026-10-08 22:26:49 | grama.experiments | INFO | grama-hdbscan_no_rescale-a0.5-alie-f0.2-s0       acc 1.0000  macro-F1 1.0000  (372s)
2026-10-08 22:33:02 | grama.experiments | INFO | grama-hdbscan_no_rescale-a0.5-alie-f0.4-s0       acc 0.9153  macro-F1 0.7922  (372s)
2026-10-08 22:39:21 | grama.experiments | INFO | grama-hdbscan_no_normalize-a0.5-clean-f0-s0      acc 1.0000  macro-F1 1.0000  (379s)
2026-10-08 22:45:46 | grama.experiments | INFO | grama-hdbscan_no_normalize-a0.5-targeted_flip-f0.2-s0 acc 1.0000  macro-F1 1.0000  (384s)
2026-10-08 22:52:10 | grama.experiments | INFO | grama-hdbscan_no_normalize-a0.5-targeted_flip-f0.4-s0 acc 0.9914  macro-F1 0.9258  (384s)
2026-10-08 22:58:47 | grama.experiments | INFO | grama-hdbscan_no_normalize-a0.5-alie-f0.2-s0     acc 1.0000  macro-F1 1.0000  (396s)
2026-10-08 23:05:10 | grama.experiments | INFO | grama-hdbscan_no_normalize-a0.5-alie-f0.4-s0     acc 0.9289  macro-F1 0.8200  (382s)
2026-10-08 23:11:32 | grama.experiments | INFO | grama-hdbscan_no_standardize-a0.5-clean-f0-s0    acc 1.0000  macro-F1 1.0000  (382s)
2026-10-08 23:17:54 | grama.experiments | INFO | grama-hdbscan_no_standardize-a0.5-targeted_flip-f0.2-s0 acc 1.0000  macro-F1 1.0000  (381s)
2026-10-08 23:24:36 | grama.experiments | INFO | grama-hdbscan_no_standardize-a0.5-targeted_flip-f0.4-s0 acc 1.0000  macro-F1 1.0000  (402s)
2026-10-08 23:31:14 | grama.experiments | INFO | grama-hdbscan_no_standardize-a0.5-alie-f0.2-s0   acc 1.0000  macro-F1 1.0000  (397s)
2026-10-08 23:38:00 | grama.experiments | INFO | grama-hdbscan_no_standardize-a0.5-alie-f0.4-s0   acc 0.9921  macro-F1 0.9334  (405s)
2026-10-08 23:44:40 | grama.experiments | INFO | grama-hdbscan_last_layer-a0.5-clean-f0-s0        acc 1.0000  macro-F1 1.0000  (399s)
2026-10-08 23:49:35 | grama.experiments | INFO | grama-hdbscan_last_layer-a0.5-targeted_flip-f0.2-s0 acc 1.0000  macro-F1 1.0000  (295s)
2026-10-08 23:53:29 | grama.experiments | INFO | grama-hdbscan_last_layer-a0.5-targeted_flip-f0.4-s0 acc 0.9828  macro-F1 0.8047  (234s)
2026-10-08 23:57:49 | grama.experiments | INFO | grama-hdbscan_last_layer-a0.5-alie-f0.2-s0       acc 1.0000  macro-F1 1.0000  (259s)
2026-10-09 00:02:13 | grama.experiments | INFO | grama-hdbscan_last_layer-a0.5-alie-f0.4-s0       acc 0.9921  macro-F1 0.9334  (264s)
2026-10-09 00:05:36 | grama.experiments | INFO | grama-hdbscan_pca-a0.5-clean-f0-s1               acc 1.0000  macro-F1 1.0000  (202s)
2026-10-09 00:09:11 | grama.experiments | INFO | grama-hdbscan_pca-a0.5-targeted_flip-f0.2-s1     acc 0.9993  macro-F1 0.9976  (214s)
2026-10-09 00:12:34 | grama.experiments | INFO | grama-hdbscan_pca-a0.5-targeted_flip-f0.4-s1     acc 0.9835  macro-F1 0.9191  (203s)
2026-10-09 00:16:37 | grama.experiments | INFO | grama-hdbscan_pca-a0.5-alie-f0.2-s1              acc 1.0000  macro-F1 1.0000  (242s)
2026-10-09 00:20:42 | grama.experiments | INFO | grama-hdbscan_pca-a0.5-alie-f0.4-s1              acc 0.8349  macro-F1 0.4462  (244s)
2026-10-09 00:23:36 | grama.experiments | INFO | grama-hdbscan_raw-a0.5-clean-f0-s1               acc 1.0000  macro-F1 1.0000  (174s)
2026-10-09 00:26:40 | grama.experiments | INFO | grama-hdbscan_raw-a0.5-targeted_flip-f0.2-s1     acc 1.0000  macro-F1 1.0000  (184s)
2026-10-09 00:30:39 | grama.experiments | INFO | grama-hdbscan_raw-a0.5-targeted_flip-f0.4-s1     acc 0.9505  macro-F1 0.8685  (238s)
2026-10-09 00:34:52 | grama.experiments | INFO | grama-hdbscan_raw-a0.5-alie-f0.2-s1              acc 1.0000  macro-F1 1.0000  (253s)
2026-10-09 00:38:12 | grama.experiments | INFO | grama-hdbscan_raw-a0.5-alie-f0.4-s1              acc 0.9081  macro-F1 0.5542  (200s)
2026-10-09 00:41:37 | grama.experiments | INFO | grama-hdbscan_no_rescale-a0.5-clean-f0-s1        acc 1.0000  macro-F1 1.0000  (204s)
2026-10-09 00:46:00 | grama.experiments | INFO | grama-hdbscan_no_rescale-a0.5-targeted_flip-f0.2-s1 acc 1.0000  macro-F1 1.0000  (262s)
2026-10-09 00:50:18 | grama.experiments | INFO | grama-hdbscan_no_rescale-a0.5-targeted_flip-f0.4-s1 acc 0.9842  macro-F1 0.8964  (257s)
2026-10-09 00:54:31 | grama.experiments | INFO | grama-hdbscan_no_rescale-a0.5-alie-f0.2-s1       acc 1.0000  macro-F1 1.0000  (253s)
2026-10-09 00:57:56 | grama.experiments | INFO | grama-hdbscan_no_rescale-a0.5-alie-f0.4-s1       acc 0.8995  macro-F1 0.5404  (205s)
2026-10-09 01:02:30 | grama.experiments | INFO | grama-hdbscan_no_normalize-a0.5-clean-f0-s1      acc 1.0000  macro-F1 1.0000  (273s)
2026-10-09 01:06:44 | grama.experiments | INFO | grama-hdbscan_no_normalize-a0.5-targeted_flip-f0.2-s1 acc 1.0000  macro-F1 1.0000  (254s)
2026-10-09 01:10:45 | grama.experiments | INFO | grama-hdbscan_no_normalize-a0.5-targeted_flip-f0.4-s1 acc 0.9404  macro-F1 0.8519  (241s)
2026-10-09 01:14:12 | grama.experiments | INFO | grama-hdbscan_no_normalize-a0.5-alie-f0.2-s1     acc 1.0000  macro-F1 1.0000  (206s)
2026-10-09 01:18:21 | grama.experiments | INFO | grama-hdbscan_no_normalize-a0.5-alie-f0.4-s1     acc 0.7911  macro-F1 0.3016  (249s)
2026-10-09 01:22:57 | grama.experiments | INFO | grama-hdbscan_no_standardize-a0.5-clean-f0-s1    acc 1.0000  macro-F1 1.0000  (275s)
2026-10-09 01:27:08 | grama.experiments | INFO | grama-hdbscan_no_standardize-a0.5-targeted_flip-f0.2-s1 acc 1.0000  macro-F1 1.0000  (251s)
2026-10-09 01:30:20 | grama.experiments | INFO | grama-hdbscan_no_standardize-a0.5-targeted_flip-f0.4-s1 acc 0.9986  macro-F1 0.9961  (192s)
2026-10-09 01:34:43 | grama.experiments | INFO | grama-hdbscan_no_standardize-a0.5-alie-f0.2-s1   acc 1.0000  macro-F1 1.0000  (263s)
2026-10-09 01:38:54 | grama.experiments | INFO | grama-hdbscan_no_standardize-a0.5-alie-f0.4-s1   acc 0.8665  macro-F1 0.4976  (250s)
2026-10-09 01:43:10 | grama.experiments | INFO | grama-hdbscan_last_layer-a0.5-clean-f0-s1        acc 1.0000  macro-F1 1.0000  (256s)
2026-10-09 01:46:59 | grama.experiments | INFO | grama-hdbscan_last_layer-a0.5-targeted_flip-f0.2-s1 acc 0.9914  macro-F1 0.9483  (228s)
2026-10-09 01:50:42 | grama.experiments | INFO | grama-hdbscan_last_layer-a0.5-targeted_flip-f0.4-s1 acc 0.9325  macro-F1 0.7322  (222s)
2026-10-09 01:54:12 | grama.experiments | INFO | grama-hdbscan_last_layer-a0.5-alie-f0.2-s1       acc 1.0000  macro-F1 1.0000  (210s)
2026-10-09 01:58:17 | grama.experiments | INFO | grama-hdbscan_last_layer-a0.5-alie-f0.4-s1       acc 0.8816  macro-F1 0.5416  (245s)
2026-10-09 02:01:15 | grama.experiments | INFO | grama-hdbscan-a0.5-targeted_flip-f0.2-s2         acc 0.9993  macro-F1 0.9979  (177s)
2026-10-09 02:04:39 | grama.experiments | INFO | grama-hdbscan-a0.5-targeted_flip-f0.4-s2         acc 0.9914  macro-F1 0.9489  (204s)
2026-10-09 02:09:06 | grama.experiments | INFO | grama-hdbscan-a0.5-alie-f0.2-s2                  acc 1.0000  macro-F1 1.0000  (266s)
2026-10-09 02:13:07 | grama.experiments | INFO | grama-hdbscan-a0.5-alie-f0.4-s2                  acc 0.9210  macro-F1 0.5571  (241s)
2026-10-09 02:15:42 | grama.experiments | INFO | grama-hdbscan_pca-a0.5-clean-f0-s2               acc 1.0000  macro-F1 1.0000  (154s)
2026-10-09 02:19:07 | grama.experiments | INFO | grama-hdbscan_pca-a0.5-targeted_flip-f0.2-s2     acc 0.9993  macro-F1 0.9979  (205s)
2026-10-09 02:23:10 | grama.experiments | INFO | grama-hdbscan_pca-a0.5-targeted_flip-f0.4-s2     acc 0.8485  macro-F1 0.4067  (242s)
2026-10-09 02:26:30 | grama.experiments | INFO | grama-hdbscan_pca-a0.5-alie-f0.2-s2              acc 1.0000  macro-F1 1.0000  (199s)
2026-10-09 02:29:05 | grama.experiments | INFO | grama-hdbscan_pca-a0.5-alie-f0.4-s2              acc 0.9483  macro-F1 0.7321  (155s)
2026-10-09 02:32:52 | grama.experiments | INFO | grama-hdbscan_raw-a0.5-clean-f0-s2               acc 0.9921  macro-F1 0.9784  (226s)
2026-10-09 02:36:51 | grama.experiments | INFO | grama-hdbscan_raw-a0.5-targeted_flip-f0.2-s2     acc 0.9993  macro-F1 0.9979  (239s)
2026-10-09 02:41:59 | grama.experiments | INFO | grama-hdbscan_raw-a0.5-targeted_flip-f0.4-s2     acc 0.8823  macro-F1 0.5496  (307s)
2026-10-09 02:47:53 | grama.experiments | INFO | grama-hdbscan_raw-a0.5-alie-f0.2-s2              acc 1.0000  macro-F1 1.0000  (354s)
2026-10-09 02:53:55 | grama.experiments | INFO | grama-hdbscan_raw-a0.5-alie-f0.4-s2              acc 0.8808  macro-F1 0.4253  (361s)
2026-10-09 02:58:36 | grama.experiments | INFO | grama-hdbscan_no_rescale-a0.5-clean-f0-s2        acc 1.0000  macro-F1 1.0000  (281s)
2026-10-09 03:01:53 | grama.experiments | INFO | grama-hdbscan_no_rescale-a0.5-targeted_flip-f0.2-s2 acc 0.9986  macro-F1 0.9978  (197s)
2026-10-09 03:06:42 | grama.experiments | INFO | grama-hdbscan_no_rescale-a0.5-targeted_flip-f0.4-s2 acc 0.8909  macro-F1 0.5182  (288s)
2026-10-09 03:11:12 | grama.experiments | INFO | grama-hdbscan_no_rescale-a0.5-alie-f0.2-s2       acc 1.0000  macro-F1 1.0000  (270s)
2026-10-09 03:17:51 | grama.experiments | INFO | grama-hdbscan_no_rescale-a0.5-alie-f0.4-s2       acc 0.9397  macro-F1 0.6263  (398s)
2026-10-09 03:24:31 | grama.experiments | INFO | grama-hdbscan_no_normalize-a0.5-clean-f0-s2      acc 1.0000  macro-F1 1.0000  (399s)
2026-10-09 03:30:03 | grama.experiments | INFO | grama-hdbscan_no_normalize-a0.5-targeted_flip-f0.2-s2 acc 0.9993  macro-F1 0.9979  (332s)
2026-10-09 03:33:31 | grama.experiments | INFO | grama-hdbscan_no_normalize-a0.5-targeted_flip-f0.4-s2 acc 0.8729  macro-F1 0.5185  (208s)
2026-10-09 03:37:48 | grama.experiments | INFO | grama-hdbscan_no_normalize-a0.5-alie-f0.2-s2     acc 1.0000  macro-F1 1.0000  (256s)
2026-10-09 03:42:20 | grama.experiments | INFO | grama-hdbscan_no_normalize-a0.5-alie-f0.4-s2     acc 0.9340  macro-F1 0.6219  (272s)
2026-10-09 03:45:07 | grama.experiments | INFO | grama-hdbscan_no_standardize-a0.5-clean-f0-s2    acc 1.0000  macro-F1 1.0000  (166s)
2026-10-09 03:49:06 | grama.experiments | INFO | grama-hdbscan_no_standardize-a0.5-targeted_flip-f0.2-s2 acc 0.9993  macro-F1 0.9979  (239s)
2026-10-09 03:53:25 | grama.experiments | INFO | grama-hdbscan_no_standardize-a0.5-targeted_flip-f0.4-s2 acc 0.9914  macro-F1 0.9769  (259s)
2026-10-09 03:56:44 | grama.experiments | INFO | grama-hdbscan_no_standardize-a0.5-alie-f0.2-s2   acc 1.0000  macro-F1 1.0000  (198s)
2026-10-09 04:00:44 | grama.experiments | INFO | grama-hdbscan_no_standardize-a0.5-alie-f0.4-s2   acc 0.9167  macro-F1 0.5498  (240s)
2026-10-09 04:04:07 | grama.experiments | INFO | grama-hdbscan_last_layer-a0.5-clean-f0-s2        acc 0.9921  macro-F1 0.9784  (202s)
2026-10-09 04:08:22 | grama.experiments | INFO | grama-hdbscan_last_layer-a0.5-targeted_flip-f0.2-s2 acc 0.9986  macro-F1 0.9978  (255s)
2026-10-09 04:13:17 | grama.experiments | INFO | grama-hdbscan_last_layer-a0.5-targeted_flip-f0.4-s2 acc 0.6892  macro-F1 0.1360  (295s)
2026-10-09 04:19:12 | grama.experiments | INFO | grama-hdbscan_last_layer-a0.5-alie-f0.2-s2       acc 1.0000  macro-F1 1.0000  (354s)
2026-10-09 04:23:37 | grama.experiments | INFO | grama-hdbscan_last_layer-a0.5-alie-f0.4-s2       acc 0.9210  macro-F1 0.6542  (264s)

Done in 430.3 min. Results: /home/jovyan/grama/results/def_ablation/summary.md
2026-10-09 04:23:42 | grama.data.build | INFO | Reusing /home/jovyan/grama/data/processed/cic_iov2024_1427a6ad.pt
2026-10-09 04:23:42 | grama.experiments | INFO | Data: cic_iov2024_1427a6ad.pt | 78 nodes | train 6903 / test 1393 sequences | device NVIDIA A100 80GB PCIe (79 GB)
2026-10-09 04:23:43 | grama.experiments | INFO | Copied 37 finished runs from full, new_baselines, def_ablation
2026-10-09 04:23:43 | grama.experiments | INFO | Profile alie_duplicates: 75 runs planned, 37 already done, 38 to go
2026-10-09 04:23:43 | grama.models.mamba_block | INFO | MambaBlock: using the pure-PyTorch selective scan.
2026-10-09 04:27:24 | grama.experiments | INFO | grama-fedavg-a0.5-alie_noisy-f0.2-s0             acc 1.0000  macro-F1 1.0000  (221s)
2026-10-09 04:31:38 | grama.experiments | INFO | grama-fedavg-a0.5-alie_noisy-f0.4-s0             acc 1.0000  macro-F1 1.0000  (253s)
2026-10-09 04:37:33 | grama.experiments | INFO | grama-norm_clip-a0.5-alie_noisy-f0.2-s0          acc 1.0000  macro-F1 1.0000  (354s)
2026-10-09 04:42:50 | grama.experiments | INFO | grama-norm_clip-a0.5-alie_noisy-f0.4-s0          acc 1.0000  macro-F1 1.0000  (317s)
2026-10-09 04:45:28 | grama.experiments | INFO | grama-flame-a0.5-alie_noisy-f0.2-s0              acc 1.0000  macro-F1 1.0000  (158s)
2026-10-09 04:49:05 | grama.experiments | INFO | grama-flame-a0.5-alie_noisy-f0.4-s0              acc 0.9921  macro-F1 0.9761  (217s)
2026-10-09 04:52:25 | grama.experiments | INFO | grama-foolsgold-a0.5-alie_noisy-f0.2-s0          acc 1.0000  macro-F1 1.0000  (199s)
2026-10-09 04:55:09 | grama.experiments | INFO | grama-foolsgold-a0.5-alie_noisy-f0.4-s0          acc 1.0000  macro-F1 1.0000  (164s)
2026-10-09 04:59:51 | grama.experiments | INFO | grama-hdbscan-a0.5-alie_noisy-f0.2-s0            acc 1.0000  macro-F1 1.0000  (281s)
2026-10-09 05:03:01 | grama.experiments | INFO | grama-hdbscan-a0.5-alie_noisy-f0.4-s0            acc 1.0000  macro-F1 1.0000  (190s)
2026-10-09 05:06:04 | grama.experiments | INFO | grama-fedavg-a0.5-alie_noisy-f0.2-s1             acc 1.0000  macro-F1 1.0000  (182s)
2026-10-09 05:09:08 | grama.experiments | INFO | grama-fedavg-a0.5-alie_noisy-f0.4-s1             acc 0.9239  macro-F1 0.6615  (184s)
2026-10-09 05:11:39 | grama.experiments | INFO | grama-norm_clip-a0.5-alie_noisy-f0.2-s1          acc 1.0000  macro-F1 1.0000  (151s)
2026-10-09 05:15:07 | grama.experiments | INFO | grama-norm_clip-a0.5-alie_noisy-f0.4-s1          acc 0.9576  macro-F1 0.8497  (208s)
2026-10-09 05:20:00 | grama.experiments | INFO | grama-flame-a0.5-alie_noisy-f0.2-s1              acc 1.0000  macro-F1 1.0000  (292s)
2026-10-09 05:24:15 | grama.experiments | INFO | grama-flame-a0.5-alie_noisy-f0.4-s1              acc 0.8902  macro-F1 0.5433  (255s)
2026-10-09 05:26:48 | grama.experiments | INFO | grama-foolsgold-a0.5-alie_noisy-f0.2-s1          acc 1.0000  macro-F1 1.0000  (153s)
2026-10-09 05:30:41 | grama.experiments | INFO | grama-foolsgold-a0.5-alie_noisy-f0.4-s1          acc 1.0000  macro-F1 1.0000  (232s)
2026-10-09 05:36:00 | grama.experiments | INFO | grama-hdbscan-a0.5-alie_noisy-f0.2-s1            acc 1.0000  macro-F1 1.0000  (319s)
2026-10-09 05:40:01 | grama.experiments | INFO | grama-hdbscan-a0.5-alie_noisy-f0.4-s1            acc 0.8148  macro-F1 0.3979  (241s)
2026-10-09 05:42:46 | grama.experiments | INFO | grama-fedavg-a0.5-alie-f0.2-s2                   acc 1.0000  macro-F1 1.0000  (164s)
2026-10-09 05:46:34 | grama.experiments | INFO | grama-fedavg-a0.5-alie-f0.4-s2                   acc 0.9763  macro-F1 0.8958  (228s)
2026-10-09 05:49:24 | grama.experiments | INFO | grama-fedavg-a0.5-alie_noisy-f0.2-s2             acc 1.0000  macro-F1 1.0000  (169s)
2026-10-09 05:52:20 | grama.experiments | INFO | grama-fedavg-a0.5-alie_noisy-f0.4-s2             acc 1.0000  macro-F1 1.0000  (175s)
2026-10-09 05:55:40 | grama.experiments | INFO | grama-norm_clip-a0.5-clean-f0-s2                 acc 1.0000  macro-F1 1.0000  (200s)
2026-10-09 05:58:43 | grama.experiments | INFO | grama-norm_clip-a0.5-alie-f0.2-s2                acc 1.0000  macro-F1 1.0000  (183s)
2026-10-09 06:01:20 | grama.experiments | INFO | grama-norm_clip-a0.5-alie-f0.4-s2                acc 0.9246  macro-F1 0.5647  (157s)
2026-10-09 06:03:34 | grama.experiments | INFO | grama-norm_clip-a0.5-alie_noisy-f0.2-s2          acc 1.0000  macro-F1 1.0000  (133s)
2026-10-09 06:05:48 | grama.experiments | INFO | grama-norm_clip-a0.5-alie_noisy-f0.4-s2          acc 0.9325  macro-F1 0.8144  (134s)
2026-10-09 06:08:05 | grama.experiments | INFO | grama-flame-a0.5-clean-f0-s2                     acc 0.9763  macro-F1 0.9098  (137s)
2026-10-09 06:10:19 | grama.experiments | INFO | grama-flame-a0.5-alie-f0.2-s2                    acc 1.0000  macro-F1 1.0000  (134s)
2026-10-09 06:12:35 | grama.experiments | INFO | grama-flame-a0.5-alie-f0.4-s2                    acc 0.9153  macro-F1 0.5441  (136s)
2026-10-09 06:14:49 | grama.experiments | INFO | grama-flame-a0.5-alie_noisy-f0.2-s2              acc 1.0000  macro-F1 1.0000  (134s)
2026-10-09 06:17:02 | grama.experiments | INFO | grama-flame-a0.5-alie_noisy-f0.4-s2              acc 0.9081  macro-F1 0.5860  (133s)
2026-10-09 06:19:17 | grama.experiments | INFO | grama-foolsgold-a0.5-alie_noisy-f0.2-s2          acc 1.0000  macro-F1 1.0000  (134s)
2026-10-09 06:21:32 | grama.experiments | INFO | grama-foolsgold-a0.5-alie_noisy-f0.4-s2          acc 1.0000  macro-F1 1.0000  (135s)
2026-10-09 06:24:12 | grama.experiments | INFO | grama-hdbscan-a0.5-alie_noisy-f0.2-s2            acc 1.0000  macro-F1 1.0000  (160s)
2026-10-09 06:26:54 | grama.experiments | INFO | grama-hdbscan-a0.5-alie_noisy-f0.4-s2            acc 0.9397  macro-F1 0.6256  (162s)

Done in 123.2 min. Results: /home/jovyan/grama/results/alie_duplicates/summary.md
2026-10-09 06:26:58 | grama.data.build | INFO | Reusing /home/jovyan/grama/data/processed/cic_iov2024_1427a6ad.pt
2026-10-09 06:26:59 | grama.experiments | INFO | Data: cic_iov2024_1427a6ad.pt | 78 nodes | train 6903 / test 1393 sequences | device NVIDIA A100 80GB PCIe (79 GB)
2026-10-09 06:26:59 | grama.experiments | INFO | Copied 6 finished runs from full, new_baselines
2026-10-09 06:26:59 | grama.experiments | INFO | Profile cic_adaptive_new: 18 runs planned, 6 already done, 12 to go
2026-10-09 06:26:59 | grama.models.mamba_block | INFO | MambaBlock: using the pure-PyTorch selective scan.
2026-10-09 06:29:22 | grama.experiments | INFO | grama-foolsgold-a0.5-adaptive-f0.2-s0            acc 0.6059  macro-F1 0.1258  (143s)
2026-10-09 06:31:43 | grama.experiments | INFO | grama-foolsgold-a0.5-adaptive-f0.4-s0            acc 1.0000  macro-F1 1.0000  (141s)
2026-10-09 06:34:03 | grama.experiments | INFO | grama-deepsight-a0.5-adaptive-f0.2-s0            acc 0.9490  macro-F1 0.9314  (140s)
2026-10-09 06:36:23 | grama.experiments | INFO | grama-deepsight-a0.5-adaptive-f0.4-s0            acc 0.6892  macro-F1 0.1360  (140s)
2026-10-09 06:39:01 | grama.experiments | INFO | grama-freqfed-a0.5-adaptive-f0.2-s0              acc 0.9907  macro-F1 0.9894  (158s)
2026-10-09 06:41:38 | grama.experiments | INFO | grama-freqfed-a0.5-adaptive-f0.4-s0              acc 0.7150  macro-F1 0.2104  (157s)
2026-10-09 06:44:05 | grama.experiments | INFO | grama-foolsgold-a0.5-adaptive-f0.2-s1            acc 0.6892  macro-F1 0.1360  (147s)
2026-10-09 06:46:30 | grama.experiments | INFO | grama-foolsgold-a0.5-adaptive-f0.4-s1            acc 1.0000  macro-F1 1.0000  (145s)
2026-10-09 06:48:56 | grama.experiments | INFO | grama-deepsight-a0.5-adaptive-f0.2-s1            acc 0.9921  macro-F1 0.9507  (145s)
2026-10-09 06:51:20 | grama.experiments | INFO | grama-deepsight-a0.5-adaptive-f0.4-s1            acc 0.6892  macro-F1 0.1360  (144s)
2026-10-09 06:54:01 | grama.experiments | INFO | grama-freqfed-a0.5-adaptive-f0.2-s1              acc 0.9993  macro-F1 0.9980  (161s)
2026-10-09 06:56:38 | grama.experiments | INFO | grama-freqfed-a0.5-adaptive-f0.4-s1              acc 0.6892  macro-F1 0.1360  (156s)

Done in 29.7 min. Results: /home/jovyan/grama/results/cic_adaptive_new/summary.md
2026-10-09 06:56:42 | grama.data.build | INFO | Reusing /home/jovyan/grama/data/processed/cic_iov2024_1427a6ad.pt
2026-10-09 06:56:43 | grama.experiments | INFO | Data: cic_iov2024_1427a6ad.pt | 78 nodes | train 6903 / test 1393 sequences | device NVIDIA A100 80GB PCIe (79 GB)
2026-10-09 06:56:43 | grama.experiments | INFO | Copied 252 finished runs from full, new_baselines, def_ablation, alie_duplicates
2026-10-09 06:56:43 | grama.experiments | INFO | Profile cic_seeds: 483 runs planned, 252 already done, 231 to go
2026-10-09 06:56:43 | grama.models.mamba_block | INFO | MambaBlock: using the pure-PyTorch selective scan.
2026-10-09 06:59:00 | grama.experiments | INFO | grama-fedavg-a0.5-label_flip-f0.1-s2             acc 1.0000  macro-F1 1.0000  (138s)
2026-10-09 07:01:20 | grama.experiments | INFO | grama-fedavg-a0.5-label_flip-f0.2-s2             acc 1.0000  macro-F1 1.0000  (140s)
2026-10-09 07:03:37 | grama.experiments | INFO | grama-fedavg-a0.5-label_flip-f0.3-s2             acc 0.9993  macro-F1 0.9968  (137s)
2026-10-09 07:05:53 | grama.experiments | INFO | grama-fedavg-a0.5-label_flip-f0.4-s2             acc 1.0000  macro-F1 1.0000  (136s)
2026-10-09 07:08:09 | grama.experiments | INFO | grama-fedavg-a0.5-targeted_flip-f0.1-s2          acc 0.9993  macro-F1 0.9993  (135s)
2026-10-09 07:10:25 | grama.experiments | INFO | grama-fedavg-a0.5-targeted_flip-f0.2-s2          acc 0.9986  macro-F1 0.9978  (136s)
2026-10-09 07:12:41 | grama.experiments | INFO | grama-fedavg-a0.5-targeted_flip-f0.3-s2          acc 0.9304  macro-F1 0.8696  (136s)
2026-10-09 07:14:41 | grama.experiments | INFO | grama-fedavg-a0.5-targeted_flip-f0.4-s2          acc 0.9986  macro-F1 0.9978  (120s)
2026-10-09 07:16:39 | grama.experiments | INFO | grama-fedavg-a0.5-magnitude_poison-f0.1-s2       acc 0.9749  macro-F1 0.7871  (118s)
2026-10-09 07:18:53 | grama.experiments | INFO | grama-fedavg-a0.5-magnitude_poison-f0.2-s2       acc 1.0000  macro-F1 1.0000  (134s)
2026-10-09 07:21:07 | grama.experiments | INFO | grama-fedavg-a0.5-magnitude_poison-f0.3-s2       acc 0.9899  macro-F1 0.9718  (134s)
2026-10-09 07:23:22 | grama.experiments | INFO | grama-fedavg-a0.5-magnitude_poison-f0.4-s2       acc 0.9246  macro-F1 0.5826  (134s)
2026-10-09 07:25:37 | grama.experiments | INFO | grama-fedavg-a0.5-alie-f0.1-s2                   acc 0.9993  macro-F1 0.9968  (135s)
2026-10-09 07:27:51 | grama.experiments | INFO | grama-fedavg-a0.5-alie-f0.3-s2                   acc 1.0000  macro-F1 1.0000  (134s)
2026-10-09 07:30:06 | grama.experiments | INFO | grama-median-a0.5-clean-f0-s2                    acc 1.0000  macro-F1 1.0000  (135s)
2026-10-09 07:32:25 | grama.experiments | INFO | grama-median-a0.5-label_flip-f0.1-s2             acc 1.0000  macro-F1 1.0000  (138s)
2026-10-09 07:34:41 | grama.experiments | INFO | grama-median-a0.5-label_flip-f0.2-s2             acc 0.9921  macro-F1 0.9507  (136s)
2026-10-09 07:36:57 | grama.experiments | INFO | grama-median-a0.5-label_flip-f0.3-s2             acc 1.0000  macro-F1 1.0000  (136s)
2026-10-09 07:39:13 | grama.experiments | INFO | grama-median-a0.5-label_flip-f0.4-s2             acc 0.3108  macro-F1 0.6100  (136s)
2026-10-09 07:41:27 | grama.experiments | INFO | grama-median-a0.5-targeted_flip-f0.1-s2          acc 0.9993  macro-F1 0.9979  (134s)
2026-10-09 07:43:44 | grama.experiments | INFO | grama-median-a0.5-targeted_flip-f0.2-s2          acc 0.9828  macro-F1 0.9798  (137s)
2026-10-09 07:46:03 | grama.experiments | INFO | grama-median-a0.5-targeted_flip-f0.3-s2          acc 0.9813  macro-F1 0.9465  (139s)
2026-10-09 07:48:21 | grama.experiments | INFO | grama-median-a0.5-targeted_flip-f0.4-s2          acc 0.8141  macro-F1 0.3135  (138s)
2026-10-09 07:50:38 | grama.experiments | INFO | grama-median-a0.5-magnitude_poison-f0.1-s2       acc 1.0000  macro-F1 1.0000  (137s)
2026-10-09 07:52:53 | grama.experiments | INFO | grama-median-a0.5-magnitude_poison-f0.2-s2       acc 1.0000  macro-F1 1.0000  (135s)
2026-10-09 07:55:08 | grama.experiments | INFO | grama-median-a0.5-magnitude_poison-f0.3-s2       acc 0.9993  macro-F1 0.9979  (135s)
2026-10-09 07:57:23 | grama.experiments | INFO | grama-median-a0.5-magnitude_poison-f0.4-s2       acc 0.9921  macro-F1 0.9507  (134s)
2026-10-09 07:59:36 | grama.experiments | INFO | grama-median-a0.5-alie-f0.1-s2                   acc 1.0000  macro-F1 1.0000  (134s)
2026-10-09 08:01:52 | grama.experiments | INFO | grama-median-a0.5-alie-f0.2-s2                   acc 1.0000  macro-F1 1.0000  (136s)
2026-10-09 08:04:08 | grama.experiments | INFO | grama-median-a0.5-alie-f0.3-s2                   acc 0.9426  macro-F1 0.6900  (136s)
2026-10-09 08:06:28 | grama.experiments | INFO | grama-median-a0.5-alie-f0.4-s2                   acc 0.8808  macro-F1 0.4818  (140s)
2026-10-09 08:08:45 | grama.experiments | INFO | grama-trimmed_mean-a0.5-clean-f0-s2              acc 0.9921  macro-F1 0.9784  (137s)
2026-10-09 08:10:59 | grama.experiments | INFO | grama-trimmed_mean-a0.5-label_flip-f0.1-s2       acc 1.0000  macro-F1 1.0000  (134s)
2026-10-09 08:13:14 | grama.experiments | INFO | grama-trimmed_mean-a0.5-label_flip-f0.2-s2       acc 1.0000  macro-F1 1.0000  (134s)
2026-10-09 08:15:29 | grama.experiments | INFO | grama-trimmed_mean-a0.5-label_flip-f0.3-s2       acc 1.0000  macro-F1 1.0000  (135s)
2026-10-09 08:17:47 | grama.experiments | INFO | grama-trimmed_mean-a0.5-label_flip-f0.4-s2       acc 0.9835  macro-F1 0.9652  (137s)
2026-10-09 08:20:03 | grama.experiments | INFO | grama-trimmed_mean-a0.5-targeted_flip-f0.1-s2    acc 1.0000  macro-F1 1.0000  (136s)
2026-10-09 08:22:17 | grama.experiments | INFO | grama-trimmed_mean-a0.5-targeted_flip-f0.2-s2    acc 0.9993  macro-F1 0.9979  (134s)
2026-10-09 08:24:34 | grama.experiments | INFO | grama-trimmed_mean-a0.5-targeted_flip-f0.3-s2    acc 0.9986  macro-F1 0.9978  (137s)
2026-10-09 08:26:48 | grama.experiments | INFO | grama-trimmed_mean-a0.5-targeted_flip-f0.4-s2    acc 0.8478  macro-F1 0.4053  (133s)
2026-10-09 08:29:04 | grama.experiments | INFO | grama-trimmed_mean-a0.5-magnitude_poison-f0.1-s2 acc 1.0000  macro-F1 1.0000  (136s)
2026-10-09 08:31:21 | grama.experiments | INFO | grama-trimmed_mean-a0.5-magnitude_poison-f0.2-s2 acc 1.0000  macro-F1 1.0000  (137s)
2026-10-09 08:33:41 | grama.experiments | INFO | grama-trimmed_mean-a0.5-magnitude_poison-f0.3-s2 acc 0.9591  macro-F1 0.8548  (140s)
2026-10-09 08:35:58 | grama.experiments | INFO | grama-trimmed_mean-a0.5-magnitude_poison-f0.4-s2 acc 0.9835  macro-F1 0.9283  (137s)
2026-10-09 08:38:15 | grama.experiments | INFO | grama-trimmed_mean-a0.5-alie-f0.1-s2             acc 1.0000  macro-F1 1.0000  (137s)
2026-10-09 08:40:35 | grama.experiments | INFO | grama-trimmed_mean-a0.5-alie-f0.2-s2             acc 1.0000  macro-F1 1.0000  (140s)
2026-10-09 08:42:50 | grama.experiments | INFO | grama-trimmed_mean-a0.5-alie-f0.3-s2             acc 1.0000  macro-F1 1.0000  (135s)
2026-10-09 08:45:07 | grama.experiments | INFO | grama-trimmed_mean-a0.5-alie-f0.4-s2             acc 0.9404  macro-F1 0.6256  (137s)
2026-10-09 08:47:23 | grama.experiments | INFO | grama-krum-a0.5-clean-f0-s2                      acc 1.0000  macro-F1 1.0000  (136s)
2026-10-09 08:49:40 | grama.experiments | INFO | grama-krum-a0.5-label_flip-f0.1-s2               acc 1.0000  macro-F1 1.0000  (137s)
2026-10-09 08:51:56 | grama.experiments | INFO | grama-krum-a0.5-label_flip-f0.2-s2               acc 1.0000  macro-F1 1.0000  (135s)
2026-10-09 08:54:15 | grama.experiments | INFO | grama-krum-a0.5-label_flip-f0.3-s2               acc 1.0000  macro-F1 1.0000  (139s)
2026-10-09 08:56:30 | grama.experiments | INFO | grama-krum-a0.5-label_flip-f0.4-s2               acc 1.0000  macro-F1 1.0000  (135s)
2026-10-09 08:58:44 | grama.experiments | INFO | grama-krum-a0.5-targeted_flip-f0.1-s2            acc 1.0000  macro-F1 1.0000  (134s)
2026-10-09 09:01:01 | grama.experiments | INFO | grama-krum-a0.5-targeted_flip-f0.2-s2            acc 0.9993  macro-F1 0.9979  (137s)
2026-10-09 09:03:18 | grama.experiments | INFO | grama-krum-a0.5-targeted_flip-f0.3-s2            acc 0.9986  macro-F1 0.9972  (137s)
2026-10-09 09:05:37 | grama.experiments | INFO | grama-krum-a0.5-targeted_flip-f0.4-s2            acc 0.7229  macro-F1 0.2866  (139s)
2026-10-09 09:07:56 | grama.experiments | INFO | grama-krum-a0.5-magnitude_poison-f0.1-s2         acc 1.0000  macro-F1 1.0000  (139s)
2026-10-09 09:10:12 | grama.experiments | INFO | grama-krum-a0.5-magnitude_poison-f0.2-s2         acc 1.0000  macro-F1 1.0000  (136s)
2026-10-09 09:12:29 | grama.experiments | INFO | grama-krum-a0.5-magnitude_poison-f0.3-s2         acc 1.0000  macro-F1 1.0000  (137s)
2026-10-09 09:14:46 | grama.experiments | INFO | grama-krum-a0.5-magnitude_poison-f0.4-s2         acc 0.9993  macro-F1 0.9985  (137s)
2026-10-09 09:17:04 | grama.experiments | INFO | grama-krum-a0.5-alie-f0.1-s2                     acc 1.0000  macro-F1 1.0000  (137s)
2026-10-09 09:19:21 | grama.experiments | INFO | grama-krum-a0.5-alie-f0.2-s2                     acc 1.0000  macro-F1 1.0000  (137s)
2026-10-09 09:21:36 | grama.experiments | INFO | grama-krum-a0.5-alie-f0.3-s2                     acc 0.9921  macro-F1 0.9507  (135s)
2026-10-09 09:23:53 | grama.experiments | INFO | grama-krum-a0.5-alie-f0.4-s2                     acc 0.9476  macro-F1 0.7326  (137s)
2026-10-09 09:26:10 | grama.experiments | INFO | grama-norm_clip-a0.5-label_flip-f0.1-s2          acc 1.0000  macro-F1 1.0000  (137s)
2026-10-09 09:28:29 | grama.experiments | INFO | grama-norm_clip-a0.5-label_flip-f0.2-s2          acc 1.0000  macro-F1 1.0000  (139s)
2026-10-09 09:30:46 | grama.experiments | INFO | grama-norm_clip-a0.5-label_flip-f0.3-s2          acc 1.0000  macro-F1 1.0000  (137s)
2026-10-09 09:33:01 | grama.experiments | INFO | grama-norm_clip-a0.5-label_flip-f0.4-s2          acc 0.4803  macro-F1 0.7516  (135s)
2026-10-09 09:35:18 | grama.experiments | INFO | grama-norm_clip-a0.5-targeted_flip-f0.1-s2       acc 1.0000  macro-F1 1.0000  (137s)
2026-10-09 09:37:34 | grama.experiments | INFO | grama-norm_clip-a0.5-targeted_flip-f0.2-s2       acc 0.9993  macro-F1 0.9979  (135s)
2026-10-09 09:39:50 | grama.experiments | INFO | grama-norm_clip-a0.5-targeted_flip-f0.3-s2       acc 0.9907  macro-F1 0.9482  (136s)
2026-10-09 09:42:05 | grama.experiments | INFO | grama-norm_clip-a0.5-targeted_flip-f0.4-s2       acc 0.8571  macro-F1 0.4639  (135s)
2026-10-09 09:44:21 | grama.experiments | INFO | grama-norm_clip-a0.5-magnitude_poison-f0.1-s2    acc 1.0000  macro-F1 1.0000  (136s)
2026-10-09 09:46:37 | grama.experiments | INFO | grama-norm_clip-a0.5-magnitude_poison-f0.2-s2    acc 1.0000  macro-F1 1.0000  (135s)
2026-10-09 09:48:52 | grama.experiments | INFO | grama-norm_clip-a0.5-magnitude_poison-f0.3-s2    acc 0.9921  macro-F1 0.9507  (135s)
2026-10-09 09:51:08 | grama.experiments | INFO | grama-norm_clip-a0.5-magnitude_poison-f0.4-s2    acc 1.0000  macro-F1 1.0000  (136s)
2026-10-09 09:53:23 | grama.experiments | INFO | grama-norm_clip-a0.5-alie-f0.1-s2                acc 1.0000  macro-F1 1.0000  (135s)
2026-10-09 09:55:41 | grama.experiments | INFO | grama-norm_clip-a0.5-alie-f0.3-s2                acc 1.0000  macro-F1 1.0000  (138s)
2026-10-09 09:57:55 | grama.experiments | INFO | grama-flame-a0.5-label_flip-f0.1-s2              acc 1.0000  macro-F1 1.0000  (134s)
2026-10-09 10:00:13 | grama.experiments | INFO | grama-flame-a0.5-label_flip-f0.2-s2              acc 1.0000  macro-F1 1.0000  (138s)
2026-10-09 10:02:27 | grama.experiments | INFO | grama-flame-a0.5-label_flip-f0.3-s2              acc 1.0000  macro-F1 1.0000  (134s)
2026-10-09 10:04:42 | grama.experiments | INFO | grama-flame-a0.5-label_flip-f0.4-s2              acc 0.3108  macro-F1 0.6010  (135s)
2026-10-09 10:06:56 | grama.experiments | INFO | grama-flame-a0.5-targeted_flip-f0.1-s2           acc 1.0000  macro-F1 1.0000  (134s)
2026-10-09 10:09:13 | grama.experiments | INFO | grama-flame-a0.5-targeted_flip-f0.2-s2           acc 0.9993  macro-F1 0.9979  (137s)
2026-10-09 10:11:28 | grama.experiments | INFO | grama-flame-a0.5-targeted_flip-f0.3-s2           acc 1.0000  macro-F1 1.0000  (135s)
2026-10-09 10:13:43 | grama.experiments | INFO | grama-flame-a0.5-targeted_flip-f0.4-s2           acc 0.8478  macro-F1 0.4069  (135s)
2026-10-09 10:15:57 | grama.experiments | INFO | grama-flame-a0.5-magnitude_poison-f0.1-s2        acc 1.0000  macro-F1 1.0000  (134s)
2026-10-09 10:18:13 | grama.experiments | INFO | grama-flame-a0.5-magnitude_poison-f0.2-s2        acc 0.9928  macro-F1 0.9803  (136s)
2026-10-09 10:20:28 | grama.experiments | INFO | grama-flame-a0.5-magnitude_poison-f0.3-s2        acc 0.9993  macro-F1 0.9979  (134s)
2026-10-09 10:22:44 | grama.experiments | INFO | grama-flame-a0.5-magnitude_poison-f0.4-s2        acc 0.9749  macro-F1 0.8869  (136s)
2026-10-09 10:24:58 | grama.experiments | INFO | grama-flame-a0.5-alie-f0.1-s2                    acc 1.0000  macro-F1 1.0000  (135s)
2026-10-09 10:27:13 | grama.experiments | INFO | grama-flame-a0.5-alie-f0.3-s2                    acc 0.9993  macro-F1 0.9979  (134s)
2026-10-09 10:29:54 | grama.experiments | INFO | grama-hdbscan-a0.5-label_flip-f0.1-s2            acc 1.0000  macro-F1 1.0000  (161s)
2026-10-09 10:32:36 | grama.experiments | INFO | grama-hdbscan-a0.5-label_flip-f0.2-s2            acc 1.0000  macro-F1 1.0000  (162s)
2026-10-09 10:35:19 | grama.experiments | INFO | grama-hdbscan-a0.5-label_flip-f0.3-s2            acc 1.0000  macro-F1 1.0000  (162s)
2026-10-09 10:37:59 | grama.experiments | INFO | grama-hdbscan-a0.5-label_flip-f0.4-s2            acc 1.0000  macro-F1 1.0000  (161s)
2026-10-09 10:40:42 | grama.experiments | INFO | grama-hdbscan-a0.5-targeted_flip-f0.1-s2         acc 1.0000  macro-F1 1.0000  (162s)
2026-10-09 10:43:24 | grama.experiments | INFO | grama-hdbscan-a0.5-targeted_flip-f0.3-s2         acc 0.9993  macro-F1 0.9985  (162s)
2026-10-09 10:46:05 | grama.experiments | INFO | grama-hdbscan-a0.5-magnitude_poison-f0.1-s2      acc 1.0000  macro-F1 1.0000  (160s)
2026-10-09 10:48:45 | grama.experiments | INFO | grama-hdbscan-a0.5-magnitude_poison-f0.2-s2      acc 1.0000  macro-F1 1.0000  (160s)
2026-10-09 10:51:27 | grama.experiments | INFO | grama-hdbscan-a0.5-magnitude_poison-f0.3-s2      acc 1.0000  macro-F1 1.0000  (162s)
2026-10-09 10:54:10 | grama.experiments | INFO | grama-hdbscan-a0.5-magnitude_poison-f0.4-s2      acc 0.8988  macro-F1 0.5951  (162s)
2026-10-09 10:56:51 | grama.experiments | INFO | grama-hdbscan-a0.5-alie-f0.1-s2                  acc 1.0000  macro-F1 1.0000  (161s)
2026-10-09 10:59:31 | grama.experiments | INFO | grama-hdbscan-a0.5-alie-f0.3-s2                  acc 0.9993  macro-F1 0.9979  (160s)
2026-10-09 11:01:45 | grama.experiments | INFO | grama-fedavg-a0.5-clean-f0-s3                    acc 1.0000  macro-F1 1.0000  (134s)
2026-10-09 11:04:00 | grama.experiments | INFO | grama-fedavg-a0.5-label_flip-f0.3-s3             acc 0.9842  macro-F1 0.9216  (135s)
2026-10-09 11:06:15 | grama.experiments | INFO | grama-fedavg-a0.5-label_flip-f0.4-s3             acc 0.2785  macro-F1 0.5076  (135s)
2026-10-09 11:08:29 | grama.experiments | INFO | grama-fedavg-a0.5-targeted_flip-f0.3-s3          acc 0.7832  macro-F1 0.4234  (134s)
2026-10-09 11:10:43 | grama.experiments | INFO | grama-fedavg-a0.5-targeted_flip-f0.4-s3          acc 0.6971  macro-F1 0.1631  (134s)
2026-10-09 11:12:59 | grama.experiments | INFO | grama-fedavg-a0.5-magnitude_poison-f0.3-s3       acc 0.2254  macro-F1 0.0631  (135s)
2026-10-09 11:15:13 | grama.experiments | INFO | grama-fedavg-a0.5-magnitude_poison-f0.4-s3       acc 0.0782  macro-F1 0.0309  (135s)
2026-10-09 11:17:27 | grama.experiments | INFO | grama-fedavg-a0.5-alie-f0.3-s3                   acc 1.0000  macro-F1 1.0000  (134s)
2026-10-09 11:19:41 | grama.experiments | INFO | grama-fedavg-a0.5-alie-f0.4-s3                   acc 0.8169  macro-F1 0.5816  (134s)
2026-10-09 11:21:55 | grama.experiments | INFO | grama-median-a0.5-clean-f0-s3                    acc 1.0000  macro-F1 1.0000  (134s)
2026-10-09 11:24:10 | grama.experiments | INFO | grama-median-a0.5-label_flip-f0.3-s3             acc 1.0000  macro-F1 1.0000  (135s)
2026-10-09 11:26:25 | grama.experiments | INFO | grama-median-a0.5-label_flip-f0.4-s3             acc 0.9921  macro-F1 0.9784  (135s)
2026-10-09 11:28:41 | grama.experiments | INFO | grama-median-a0.5-targeted_flip-f0.3-s3          acc 0.9993  macro-F1 0.9976  (136s)
2026-10-09 11:30:58 | grama.experiments | INFO | grama-median-a0.5-targeted_flip-f0.4-s3          acc 0.9842  macro-F1 0.9232  (137s)
2026-10-09 11:33:15 | grama.experiments | INFO | grama-median-a0.5-magnitude_poison-f0.3-s3       acc 1.0000  macro-F1 1.0000  (137s)
2026-10-09 11:35:32 | grama.experiments | INFO | grama-median-a0.5-magnitude_poison-f0.4-s3       acc 0.9993  macro-F1 0.9979  (137s)
2026-10-09 11:37:45 | grama.experiments | INFO | grama-median-a0.5-alie-f0.3-s3                   acc 0.9153  macro-F1 0.5762  (133s)
2026-10-09 11:40:00 | grama.experiments | INFO | grama-median-a0.5-alie-f0.4-s3                   acc 0.8069  macro-F1 0.4667  (134s)
2026-10-09 11:42:16 | grama.experiments | INFO | grama-trimmed_mean-a0.5-clean-f0-s3              acc 1.0000  macro-F1 1.0000  (137s)
2026-10-09 11:44:31 | grama.experiments | INFO | grama-trimmed_mean-a0.5-label_flip-f0.3-s3       acc 1.0000  macro-F1 1.0000  (134s)
2026-10-09 11:46:46 | grama.experiments | INFO | grama-trimmed_mean-a0.5-label_flip-f0.4-s3       acc 1.0000  macro-F1 1.0000  (135s)
2026-10-09 11:49:01 | grama.experiments | INFO | grama-trimmed_mean-a0.5-targeted_flip-f0.3-s3    acc 0.9914  macro-F1 0.9258  (135s)
2026-10-09 11:51:15 | grama.experiments | INFO | grama-trimmed_mean-a0.5-targeted_flip-f0.4-s3    acc 0.9756  macro-F1 0.7969  (134s)
2026-10-09 11:53:31 | grama.experiments | INFO | grama-trimmed_mean-a0.5-magnitude_poison-f0.3-s3 acc 1.0000  macro-F1 1.0000  (136s)
2026-10-09 11:55:47 | grama.experiments | INFO | grama-trimmed_mean-a0.5-magnitude_poison-f0.4-s3 acc 0.9907  macro-F1 0.9350  (136s)
2026-10-09 11:58:02 | grama.experiments | INFO | grama-trimmed_mean-a0.5-alie-f0.3-s3             acc 1.0000  macro-F1 1.0000  (135s)
2026-10-09 12:00:17 | grama.experiments | INFO | grama-trimmed_mean-a0.5-alie-f0.4-s3             acc 0.7660  macro-F1 0.3181  (134s)
2026-10-09 12:02:33 | grama.experiments | INFO | grama-krum-a0.5-clean-f0-s3                      acc 1.0000  macro-F1 1.0000  (136s)
2026-10-09 12:04:50 | grama.experiments | INFO | grama-krum-a0.5-label_flip-f0.3-s3               acc 0.9921  macro-F1 0.9507  (137s)
2026-10-09 12:07:06 | grama.experiments | INFO | grama-krum-a0.5-label_flip-f0.4-s3               acc 1.0000  macro-F1 1.0000  (136s)
2026-10-09 12:09:21 | grama.experiments | INFO | grama-krum-a0.5-targeted_flip-f0.3-s3            acc 1.0000  macro-F1 1.0000  (134s)
2026-10-09 12:11:36 | grama.experiments | INFO | grama-krum-a0.5-targeted_flip-f0.4-s3            acc 0.9921  macro-F1 0.9507  (135s)
2026-10-09 12:13:50 | grama.experiments | INFO | grama-krum-a0.5-magnitude_poison-f0.3-s3         acc 1.0000  macro-F1 1.0000  (134s)
2026-10-09 12:16:06 | grama.experiments | INFO | grama-krum-a0.5-magnitude_poison-f0.4-s3         acc 1.0000  macro-F1 1.0000  (135s)
2026-10-09 12:18:23 | grama.experiments | INFO | grama-krum-a0.5-alie-f0.3-s3                     acc 0.9835  macro-F1 0.9283  (137s)
2026-10-09 12:20:38 | grama.experiments | INFO | grama-krum-a0.5-alie-f0.4-s3                     acc 0.7997  macro-F1 0.4471  (135s)
2026-10-09 12:22:52 | grama.experiments | INFO | grama-norm_clip-a0.5-clean-f0-s3                 acc 1.0000  macro-F1 1.0000  (134s)
2026-10-09 12:25:06 | grama.experiments | INFO | grama-norm_clip-a0.5-label_flip-f0.3-s3          acc 0.9928  macro-F1 0.9803  (134s)
2026-10-09 12:27:23 | grama.experiments | INFO | grama-norm_clip-a0.5-label_flip-f0.4-s3          acc 1.0000  macro-F1 1.0000  (137s)
2026-10-09 12:29:38 | grama.experiments | INFO | grama-norm_clip-a0.5-targeted_flip-f0.3-s3       acc 0.9921  macro-F1 0.9507  (135s)
2026-10-09 12:31:55 | grama.experiments | INFO | grama-norm_clip-a0.5-targeted_flip-f0.4-s3       acc 0.9756  macro-F1 0.7969  (136s)
2026-10-09 12:34:10 | grama.experiments | INFO | grama-norm_clip-a0.5-magnitude_poison-f0.3-s3    acc 1.0000  macro-F1 1.0000  (135s)
2026-10-09 12:36:25 | grama.experiments | INFO | grama-norm_clip-a0.5-magnitude_poison-f0.4-s3    acc 1.0000  macro-F1 1.0000  (135s)
2026-10-09 12:38:39 | grama.experiments | INFO | grama-norm_clip-a0.5-alie-f0.3-s3                acc 1.0000  macro-F1 1.0000  (134s)
2026-10-09 12:40:56 | grama.experiments | INFO | grama-norm_clip-a0.5-alie-f0.4-s3                acc 0.9591  macro-F1 0.7983  (137s)
2026-10-09 12:43:10 | grama.experiments | INFO | grama-flame-a0.5-clean-f0-s3                     acc 1.0000  macro-F1 1.0000  (134s)
2026-10-09 12:45:25 | grama.experiments | INFO | grama-flame-a0.5-label_flip-f0.3-s3              acc 1.0000  macro-F1 1.0000  (134s)
2026-10-09 12:47:40 | grama.experiments | INFO | grama-flame-a0.5-label_flip-f0.4-s3              acc 1.0000  macro-F1 1.0000  (135s)
2026-10-09 12:49:56 | grama.experiments | INFO | grama-flame-a0.5-targeted_flip-f0.3-s3           acc 0.9907  macro-F1 0.9234  (136s)
2026-10-09 12:52:11 | grama.experiments | INFO | grama-flame-a0.5-targeted_flip-f0.4-s3           acc 0.9914  macro-F1 0.9483  (134s)
2026-10-09 12:54:25 | grama.experiments | INFO | grama-flame-a0.5-magnitude_poison-f0.3-s3        acc 1.0000  macro-F1 1.0000  (134s)
2026-10-09 12:56:40 | grama.experiments | INFO | grama-flame-a0.5-magnitude_poison-f0.4-s3        acc 1.0000  macro-F1 1.0000  (134s)
2026-10-09 12:58:54 | grama.experiments | INFO | grama-flame-a0.5-alie-f0.3-s3                    acc 0.9756  macro-F1 0.8959  (134s)
2026-10-09 13:01:08 | grama.experiments | INFO | grama-flame-a0.5-alie-f0.4-s3                    acc 0.8004  macro-F1 0.4832  (134s)
2026-10-09 13:03:50 | grama.experiments | INFO | grama-hdbscan-a0.5-clean-f0-s3                   acc 1.0000  macro-F1 1.0000  (162s)
2026-10-09 13:06:31 | grama.experiments | INFO | grama-hdbscan-a0.5-label_flip-f0.3-s3            acc 1.0000  macro-F1 1.0000  (161s)
2026-10-09 13:09:11 | grama.experiments | INFO | grama-hdbscan-a0.5-label_flip-f0.4-s3            acc 1.0000  macro-F1 1.0000  (160s)
2026-10-09 13:11:52 | grama.experiments | INFO | grama-hdbscan-a0.5-targeted_flip-f0.3-s3         acc 0.9921  macro-F1 0.9507  (160s)
2026-10-09 13:14:33 | grama.experiments | INFO | grama-hdbscan-a0.5-targeted_flip-f0.4-s3         acc 0.9835  macro-F1 0.9192  (161s)
2026-10-09 13:17:15 | grama.experiments | INFO | grama-hdbscan-a0.5-magnitude_poison-f0.3-s3      acc 1.0000  macro-F1 1.0000  (162s)
2026-10-09 13:19:55 | grama.experiments | INFO | grama-hdbscan-a0.5-magnitude_poison-f0.4-s3      acc 1.0000  macro-F1 1.0000  (160s)
2026-10-09 13:22:36 | grama.experiments | INFO | grama-hdbscan-a0.5-alie-f0.3-s3                  acc 0.9655  macro-F1 0.8597  (161s)
2026-10-09 13:25:17 | grama.experiments | INFO | grama-hdbscan-a0.5-alie-f0.4-s3                  acc 0.7997  macro-F1 0.4878  (161s)
2026-10-09 13:27:29 | grama.experiments | INFO | grama-fedavg-a0.5-clean-f0-s4                    acc 1.0000  macro-F1 1.0000  (131s)
2026-10-09 13:29:41 | grama.experiments | INFO | grama-fedavg-a0.5-label_flip-f0.3-s4             acc 0.3460  macro-F1 0.7289  (132s)
2026-10-09 13:31:55 | grama.experiments | INFO | grama-fedavg-a0.5-label_flip-f0.4-s4             acc 0.3302  macro-F1 0.6359  (134s)
2026-10-09 13:34:08 | grama.experiments | INFO | grama-fedavg-a0.5-targeted_flip-f0.3-s4          acc 0.6899  macro-F1 0.1386  (133s)
2026-10-09 13:36:20 | grama.experiments | INFO | grama-fedavg-a0.5-targeted_flip-f0.4-s4          acc 0.6892  macro-F1 0.1360  (132s)
2026-10-09 13:38:32 | grama.experiments | INFO | grama-fedavg-a0.5-magnitude_poison-f0.3-s4       acc 0.2010  macro-F1 0.3034  (132s)
2026-10-09 13:40:44 | grama.experiments | INFO | grama-fedavg-a0.5-magnitude_poison-f0.4-s4       acc 0.9081  macro-F1 0.5359  (132s)
2026-10-09 13:42:57 | grama.experiments | INFO | grama-fedavg-a0.5-alie-f0.3-s4                   acc 1.0000  macro-F1 1.0000  (133s)
2026-10-09 13:45:09 | grama.experiments | INFO | grama-fedavg-a0.5-alie-f0.4-s4                   acc 0.9497  macro-F1 0.7501  (131s)
2026-10-09 13:47:21 | grama.experiments | INFO | grama-median-a0.5-clean-f0-s4                    acc 1.0000  macro-F1 1.0000  (132s)
2026-10-09 13:49:34 | grama.experiments | INFO | grama-median-a0.5-label_flip-f0.3-s4             acc 0.3108  macro-F1 0.7110  (133s)
2026-10-09 13:51:45 | grama.experiments | INFO | grama-median-a0.5-label_flip-f0.4-s4             acc 0.2620  macro-F1 0.4485  (132s)
2026-10-09 13:54:00 | grama.experiments | INFO | grama-median-a0.5-targeted_flip-f0.3-s4          acc 0.9490  macro-F1 0.7131  (134s)
2026-10-09 13:56:13 | grama.experiments | INFO | grama-median-a0.5-targeted_flip-f0.4-s4          acc 0.6892  macro-F1 0.1360  (133s)
2026-10-09 13:58:25 | grama.experiments | INFO | grama-median-a0.5-magnitude_poison-f0.3-s4       acc 1.0000  macro-F1 1.0000  (132s)
2026-10-09 14:00:40 | grama.experiments | INFO | grama-median-a0.5-magnitude_poison-f0.4-s4       acc 0.8306  macro-F1 0.4085  (135s)
2026-10-09 14:02:53 | grama.experiments | INFO | grama-median-a0.5-alie-f0.3-s4                   acc 0.9174  macro-F1 0.6364  (132s)
2026-10-09 14:05:04 | grama.experiments | INFO | grama-median-a0.5-alie-f0.4-s4                   acc 0.5083  macro-F1 0.1383  (132s)
2026-10-09 14:07:17 | grama.experiments | INFO | grama-trimmed_mean-a0.5-clean-f0-s4              acc 1.0000  macro-F1 1.0000  (132s)
2026-10-09 14:09:31 | grama.experiments | INFO | grama-trimmed_mean-a0.5-label_flip-f0.3-s4       acc 0.3108  macro-F1 0.7110  (134s)
2026-10-09 14:11:45 | grama.experiments | INFO | grama-trimmed_mean-a0.5-label_flip-f0.4-s4       acc 0.2627  macro-F1 0.4500  (134s)
2026-10-09 14:13:58 | grama.experiments | INFO | grama-trimmed_mean-a0.5-targeted_flip-f0.3-s4    acc 0.9289  macro-F1 0.7795  (133s)
2026-10-09 14:16:10 | grama.experiments | INFO | grama-trimmed_mean-a0.5-targeted_flip-f0.4-s4    acc 0.6892  macro-F1 0.1360  (132s)
2026-10-09 14:18:24 | grama.experiments | INFO | grama-trimmed_mean-a0.5-magnitude_poison-f0.3-s4 acc 0.9993  macro-F1 0.9979  (134s)
2026-10-09 14:20:35 | grama.experiments | INFO | grama-trimmed_mean-a0.5-magnitude_poison-f0.4-s4 acc 0.8650  macro-F1 0.4724  (132s)
2026-10-09 14:22:47 | grama.experiments | INFO | grama-trimmed_mean-a0.5-alie-f0.3-s4             acc 1.0000  macro-F1 1.0000  (132s)
2026-10-09 14:24:59 | grama.experiments | INFO | grama-trimmed_mean-a0.5-alie-f0.4-s4             acc 0.6059  macro-F1 0.3343  (132s)
2026-10-09 14:27:11 | grama.experiments | INFO | grama-krum-a0.5-clean-f0-s4                      acc 1.0000  macro-F1 1.0000  (131s)
2026-10-09 14:29:23 | grama.experiments | INFO | grama-krum-a0.5-label_flip-f0.3-s4               acc 1.0000  macro-F1 1.0000  (132s)
2026-10-09 14:31:38 | grama.experiments | INFO | grama-krum-a0.5-label_flip-f0.4-s4               acc 0.9842  macro-F1 0.9083  (135s)
2026-10-09 14:33:52 | grama.experiments | INFO | grama-krum-a0.5-targeted_flip-f0.3-s4            acc 1.0000  macro-F1 1.0000  (134s)
2026-10-09 14:36:05 | grama.experiments | INFO | grama-krum-a0.5-targeted_flip-f0.4-s4            acc 0.9756  macro-F1 0.7969  (132s)
2026-10-09 14:38:18 | grama.experiments | INFO | grama-krum-a0.5-magnitude_poison-f0.3-s4         acc 0.9749  macro-F1 0.8937  (133s)
2026-10-09 14:40:29 | grama.experiments | INFO | grama-krum-a0.5-magnitude_poison-f0.4-s4         acc 0.1192  macro-F1 0.0892  (131s)
2026-10-09 14:42:40 | grama.experiments | INFO | grama-krum-a0.5-alie-f0.3-s4                     acc 1.0000  macro-F1 1.0000  (131s)
2026-10-09 14:44:54 | grama.experiments | INFO | grama-krum-a0.5-alie-f0.4-s4                     acc 0.3869  macro-F1 0.2789  (133s)
2026-10-09 14:47:06 | grama.experiments | INFO | grama-norm_clip-a0.5-clean-f0-s4                 acc 1.0000  macro-F1 1.0000  (132s)
2026-10-09 14:49:19 | grama.experiments | INFO | grama-norm_clip-a0.5-label_flip-f0.3-s4          acc 0.3108  macro-F1 0.7110  (133s)
2026-10-09 14:51:31 | grama.experiments | INFO | grama-norm_clip-a0.5-label_flip-f0.4-s4          acc 0.2541  macro-F1 0.4318  (131s)
2026-10-09 14:53:42 | grama.experiments | INFO | grama-norm_clip-a0.5-targeted_flip-f0.3-s4       acc 0.9684  macro-F1 0.8171  (131s)
2026-10-09 14:55:55 | grama.experiments | INFO | grama-norm_clip-a0.5-targeted_flip-f0.4-s4       acc 0.6892  macro-F1 0.1360  (133s)
2026-10-09 14:58:08 | grama.experiments | INFO | grama-norm_clip-a0.5-magnitude_poison-f0.3-s4    acc 1.0000  macro-F1 1.0000  (133s)
2026-10-09 15:00:19 | grama.experiments | INFO | grama-norm_clip-a0.5-magnitude_poison-f0.4-s4    acc 1.0000  macro-F1 1.0000  (131s)
2026-10-09 15:02:31 | grama.experiments | INFO | grama-norm_clip-a0.5-alie-f0.3-s4                acc 1.0000  macro-F1 1.0000  (132s)
2026-10-09 15:04:43 | grama.experiments | INFO | grama-norm_clip-a0.5-alie-f0.4-s4                acc 0.9067  macro-F1 0.5331  (131s)
2026-10-09 15:06:57 | grama.experiments | INFO | grama-flame-a0.5-clean-f0-s4                     acc 1.0000  macro-F1 1.0000  (134s)
2026-10-09 15:09:08 | grama.experiments | INFO | grama-flame-a0.5-label_flip-f0.3-s4              acc 1.0000  macro-F1 1.0000  (131s)
2026-10-09 15:11:21 | grama.experiments | INFO | grama-flame-a0.5-label_flip-f0.4-s4              acc 0.2599  macro-F1 0.5858  (132s)
2026-10-09 15:13:32 | grama.experiments | INFO | grama-flame-a0.5-targeted_flip-f0.3-s4           acc 1.0000  macro-F1 1.0000  (131s)
2026-10-09 15:15:45 | grama.experiments | INFO | grama-flame-a0.5-targeted_flip-f0.4-s4           acc 0.7487  macro-F1 0.3799  (132s)
2026-10-09 15:17:57 | grama.experiments | INFO | grama-flame-a0.5-magnitude_poison-f0.3-s4        acc 0.9914  macro-F1 0.9500  (132s)
2026-10-09 15:20:09 | grama.experiments | INFO | grama-flame-a0.5-magnitude_poison-f0.4-s4        acc 0.9426  macro-F1 0.7204  (131s)
2026-10-09 15:22:21 | grama.experiments | INFO | grama-flame-a0.5-alie-f0.3-s4                    acc 0.9655  macro-F1 0.8294  (132s)
2026-10-09 15:24:34 | grama.experiments | INFO | grama-flame-a0.5-alie-f0.4-s4                    acc 0.4803  macro-F1 0.2685  (133s)
2026-10-09 15:27:12 | grama.experiments | INFO | grama-hdbscan-a0.5-clean-f0-s4                   acc 1.0000  macro-F1 1.0000  (158s)
2026-10-09 15:29:49 | grama.experiments | INFO | grama-hdbscan-a0.5-label_flip-f0.3-s4            acc 1.0000  macro-F1 1.0000  (157s)
2026-10-09 15:32:27 | grama.experiments | INFO | grama-hdbscan-a0.5-label_flip-f0.4-s4            acc 0.3137  macro-F1 0.4882  (158s)
2026-10-09 15:35:06 | grama.experiments | INFO | grama-hdbscan-a0.5-targeted_flip-f0.3-s4         acc 1.0000  macro-F1 1.0000  (159s)
2026-10-09 15:37:43 | grama.experiments | INFO | grama-hdbscan-a0.5-targeted_flip-f0.4-s4         acc 0.9828  macro-F1 0.9554  (157s)
2026-10-09 15:40:21 | grama.experiments | INFO | grama-hdbscan-a0.5-magnitude_poison-f0.3-s4      acc 1.0000  macro-F1 1.0000  (157s)
2026-10-09 15:42:58 | grama.experiments | INFO | grama-hdbscan-a0.5-magnitude_poison-f0.4-s4      acc 1.0000  macro-F1 1.0000  (157s)
2026-10-09 15:45:36 | grama.experiments | INFO | grama-hdbscan-a0.5-alie-f0.3-s4                  acc 0.9584  macro-F1 0.7363  (159s)
2026-10-09 15:48:15 | grama.experiments | INFO | grama-hdbscan-a0.5-alie-f0.4-s4                  acc 0.7810  macro-F1 0.3904  (159s)

Done in 531.6 min. Results: /home/jovyan/grama/results/cic_seeds/summary.md
2026-10-09 15:48:21 | grama.data.build | INFO | Reusing /home/jovyan/grama/data/processed/cic_iov2024_1427a6ad.pt
2026-10-09 15:48:21 | grama.experiments | INFO | Data: cic_iov2024_1427a6ad.pt | 78 nodes | train 6903 / test 1393 sequences | device NVIDIA A100 80GB PCIe (79 GB)
2026-10-09 15:48:21 | grama.experiments | INFO | Copied 15 finished runs from full, def_ablation, cic_seeds
2026-10-09 15:48:21 | grama.experiments | INFO | Profile def_grid: 90 runs planned, 15 already done, 75 to go
2026-10-09 15:48:21 | grama.models.mamba_block | INFO | MambaBlock: using the pure-PyTorch selective scan.
2026-10-09 15:51:09 | grama.experiments | INFO | grama-hdbscan_eps1-a0.5-clean-f0-s0              acc 1.0000  macro-F1 1.0000  (168s)
2026-10-09 15:53:58 | grama.experiments | INFO | grama-hdbscan_eps1-a0.5-targeted_flip-f0.2-s0    acc 1.0000  macro-F1 1.0000  (169s)
2026-10-09 15:56:48 | grama.experiments | INFO | grama-hdbscan_eps1-a0.5-targeted_flip-f0.4-s0    acc 1.0000  macro-F1 1.0000  (169s)
2026-10-09 15:59:35 | grama.experiments | INFO | grama-hdbscan_eps1-a0.5-alie-f0.2-s0             acc 1.0000  macro-F1 1.0000  (168s)
2026-10-09 16:02:24 | grama.experiments | INFO | grama-hdbscan_eps1-a0.5-alie-f0.4-s0             acc 0.8536  macro-F1 0.7318  (168s)
2026-10-09 16:05:13 | grama.experiments | INFO | grama-hdbscan_eps4-a0.5-clean-f0-s0              acc 1.0000  macro-F1 1.0000  (170s)
2026-10-09 16:08:01 | grama.experiments | INFO | grama-hdbscan_eps4-a0.5-targeted_flip-f0.2-s0    acc 1.0000  macro-F1 1.0000  (167s)
2026-10-09 16:10:53 | grama.experiments | INFO | grama-hdbscan_eps4-a0.5-targeted_flip-f0.4-s0    acc 0.9914  macro-F1 0.9258  (172s)
2026-10-09 16:13:41 | grama.experiments | INFO | grama-hdbscan_eps4-a0.5-alie-f0.2-s0             acc 1.0000  macro-F1 1.0000  (168s)
2026-10-09 16:16:28 | grama.experiments | INFO | grama-hdbscan_eps4-a0.5-alie-f0.4-s0             acc 0.9993  macro-F1 0.9993  (167s)
2026-10-09 16:19:15 | grama.experiments | INFO | grama-hdbscan_eps8-a0.5-clean-f0-s0              acc 1.0000  macro-F1 1.0000  (167s)
2026-10-09 16:22:02 | grama.experiments | INFO | grama-hdbscan_eps8-a0.5-targeted_flip-f0.2-s0    acc 1.0000  macro-F1 1.0000  (167s)
2026-10-09 16:24:50 | grama.experiments | INFO | grama-hdbscan_eps8-a0.5-targeted_flip-f0.4-s0    acc 1.0000  macro-F1 1.0000  (168s)
2026-10-09 16:27:38 | grama.experiments | INFO | grama-hdbscan_eps8-a0.5-alie-f0.2-s0             acc 1.0000  macro-F1 1.0000  (167s)
2026-10-09 16:30:23 | grama.experiments | INFO | grama-hdbscan_eps8-a0.5-alie-f0.4-s0             acc 0.9691  macro-F1 0.8797  (165s)
2026-10-09 16:33:09 | grama.experiments | INFO | grama-hdbscan_mcs2-a0.5-clean-f0-s0              acc 1.0000  macro-F1 1.0000  (167s)
2026-10-09 16:35:57 | grama.experiments | INFO | grama-hdbscan_mcs2-a0.5-targeted_flip-f0.2-s0    acc 1.0000  macro-F1 1.0000  (167s)
2026-10-09 16:38:45 | grama.experiments | INFO | grama-hdbscan_mcs2-a0.5-targeted_flip-f0.4-s0    acc 0.9828  macro-F1 0.9803  (168s)
2026-10-09 16:41:30 | grama.experiments | INFO | grama-hdbscan_mcs2-a0.5-alie-f0.2-s0             acc 1.0000  macro-F1 1.0000  (164s)
2026-10-09 16:44:14 | grama.experiments | INFO | grama-hdbscan_mcs2-a0.5-alie-f0.4-s0             acc 0.9009  macro-F1 0.6845  (164s)
2026-10-09 16:47:00 | grama.experiments | INFO | grama-hdbscan_mcs5-a0.5-clean-f0-s0              acc 1.0000  macro-F1 1.0000  (166s)
2026-10-09 16:49:46 | grama.experiments | INFO | grama-hdbscan_mcs5-a0.5-targeted_flip-f0.2-s0    acc 1.0000  macro-F1 1.0000  (166s)
2026-10-09 16:52:33 | grama.experiments | INFO | grama-hdbscan_mcs5-a0.5-targeted_flip-f0.4-s0    acc 0.9569  macro-F1 0.9446  (166s)
2026-10-09 16:55:20 | grama.experiments | INFO | grama-hdbscan_mcs5-a0.5-alie-f0.2-s0             acc 1.0000  macro-F1 1.0000  (168s)
2026-10-09 16:58:07 | grama.experiments | INFO | grama-hdbscan_mcs5-a0.5-alie-f0.4-s0             acc 0.9921  macro-F1 0.9334  (166s)
2026-10-09 17:00:56 | grama.experiments | INFO | grama-hdbscan_eps1-a0.5-clean-f0-s1              acc 1.0000  macro-F1 1.0000  (169s)
2026-10-09 17:03:47 | grama.experiments | INFO | grama-hdbscan_eps1-a0.5-targeted_flip-f0.2-s1    acc 1.0000  macro-F1 1.0000  (171s)
2026-10-09 17:06:39 | grama.experiments | INFO | grama-hdbscan_eps1-a0.5-targeted_flip-f0.4-s1    acc 0.9993  macro-F1 0.9976  (171s)
2026-10-09 17:09:30 | grama.experiments | INFO | grama-hdbscan_eps1-a0.5-alie-f0.2-s1             acc 1.0000  macro-F1 1.0000  (171s)
2026-10-09 17:12:21 | grama.experiments | INFO | grama-hdbscan_eps1-a0.5-alie-f0.4-s1             acc 0.8859  macro-F1 0.5071  (171s)
2026-10-09 17:15:11 | grama.experiments | INFO | grama-hdbscan_eps4-a0.5-clean-f0-s1              acc 1.0000  macro-F1 1.0000  (170s)
2026-10-09 17:18:02 | grama.experiments | INFO | grama-hdbscan_eps4-a0.5-targeted_flip-f0.2-s1    acc 1.0000  macro-F1 1.0000  (171s)
2026-10-09 17:20:55 | grama.experiments | INFO | grama-hdbscan_eps4-a0.5-targeted_flip-f0.4-s1    acc 0.9914  macro-F1 0.9483  (172s)
2026-10-09 17:23:45 | grama.experiments | INFO | grama-hdbscan_eps4-a0.5-alie-f0.2-s1             acc 1.0000  macro-F1 1.0000  (170s)
2026-10-09 17:26:36 | grama.experiments | INFO | grama-hdbscan_eps4-a0.5-alie-f0.4-s1             acc 0.9411  macro-F1 0.6078  (171s)
2026-10-09 17:29:26 | grama.experiments | INFO | grama-hdbscan_eps8-a0.5-clean-f0-s1              acc 1.0000  macro-F1 1.0000  (170s)
2026-10-09 17:32:15 | grama.experiments | INFO | grama-hdbscan_eps8-a0.5-targeted_flip-f0.2-s1    acc 1.0000  macro-F1 1.0000  (169s)
2026-10-09 17:35:06 | grama.experiments | INFO | grama-hdbscan_eps8-a0.5-targeted_flip-f0.4-s1    acc 0.9849  macro-F1 0.9240  (171s)
2026-10-09 17:37:57 | grama.experiments | INFO | grama-hdbscan_eps8-a0.5-alie-f0.2-s1             acc 1.0000  macro-F1 1.0000  (171s)
2026-10-09 17:40:47 | grama.experiments | INFO | grama-hdbscan_eps8-a0.5-alie-f0.4-s1             acc 0.9253  macro-F1 0.5889  (170s)
2026-10-09 17:43:38 | grama.experiments | INFO | grama-hdbscan_mcs2-a0.5-clean-f0-s1              acc 1.0000  macro-F1 1.0000  (170s)
2026-10-09 17:46:28 | grama.experiments | INFO | grama-hdbscan_mcs2-a0.5-targeted_flip-f0.2-s1    acc 1.0000  macro-F1 1.0000  (170s)
2026-10-09 17:49:18 | grama.experiments | INFO | grama-hdbscan_mcs2-a0.5-targeted_flip-f0.4-s1    acc 1.0000  macro-F1 1.0000  (170s)
2026-10-09 17:52:08 | grama.experiments | INFO | grama-hdbscan_mcs2-a0.5-alie-f0.2-s1             acc 1.0000  macro-F1 1.0000  (169s)
2026-10-09 17:54:58 | grama.experiments | INFO | grama-hdbscan_mcs2-a0.5-alie-f0.4-s1             acc 0.7990  macro-F1 0.3404  (170s)
2026-10-09 17:57:49 | grama.experiments | INFO | grama-hdbscan_mcs5-a0.5-clean-f0-s1              acc 1.0000  macro-F1 1.0000  (170s)
2026-10-09 18:00:40 | grama.experiments | INFO | grama-hdbscan_mcs5-a0.5-targeted_flip-f0.2-s1    acc 1.0000  macro-F1 1.0000  (171s)
2026-10-09 18:03:30 | grama.experiments | INFO | grama-hdbscan_mcs5-a0.5-targeted_flip-f0.4-s1    acc 0.9993  macro-F1 0.9976  (170s)
2026-10-09 18:06:21 | grama.experiments | INFO | grama-hdbscan_mcs5-a0.5-alie-f0.2-s1             acc 1.0000  macro-F1 1.0000  (170s)
2026-10-09 18:09:12 | grama.experiments | INFO | grama-hdbscan_mcs5-a0.5-alie-f0.4-s1             acc 0.8162  macro-F1 0.3984  (170s)
2026-10-09 18:11:54 | grama.experiments | INFO | grama-hdbscan_eps1-a0.5-clean-f0-s2              acc 1.0000  macro-F1 1.0000  (163s)
2026-10-09 18:14:38 | grama.experiments | INFO | grama-hdbscan_eps1-a0.5-targeted_flip-f0.2-s2    acc 1.0000  macro-F1 1.0000  (163s)
2026-10-09 18:17:21 | grama.experiments | INFO | grama-hdbscan_eps1-a0.5-targeted_flip-f0.4-s2    acc 0.9763  macro-F1 0.9098  (163s)
2026-10-09 18:20:04 | grama.experiments | INFO | grama-hdbscan_eps1-a0.5-alie-f0.2-s2             acc 1.0000  macro-F1 1.0000  (162s)
2026-10-09 18:22:46 | grama.experiments | INFO | grama-hdbscan_eps1-a0.5-alie-f0.4-s2             acc 0.8615  macro-F1 0.5057  (162s)
2026-10-09 18:25:29 | grama.experiments | INFO | grama-hdbscan_eps4-a0.5-clean-f0-s2              acc 1.0000  macro-F1 1.0000  (163s)
2026-10-09 18:28:11 | grama.experiments | INFO | grama-hdbscan_eps4-a0.5-targeted_flip-f0.2-s2    acc 0.9993  macro-F1 0.9979  (162s)
2026-10-09 18:30:55 | grama.experiments | INFO | grama-hdbscan_eps4-a0.5-targeted_flip-f0.4-s2    acc 0.9655  macro-F1 0.8816  (163s)
2026-10-09 18:33:38 | grama.experiments | INFO | grama-hdbscan_eps4-a0.5-alie-f0.2-s2             acc 1.0000  macro-F1 1.0000  (163s)
2026-10-09 18:36:20 | grama.experiments | INFO | grama-hdbscan_eps4-a0.5-alie-f0.4-s2             acc 0.9232  macro-F1 0.5638  (162s)
2026-10-09 18:39:04 | grama.experiments | INFO | grama-hdbscan_eps8-a0.5-clean-f0-s2              acc 1.0000  macro-F1 1.0000  (164s)
2026-10-09 18:41:48 | grama.experiments | INFO | grama-hdbscan_eps8-a0.5-targeted_flip-f0.2-s2    acc 0.9993  macro-F1 0.9979  (164s)
2026-10-09 18:44:31 | grama.experiments | INFO | grama-hdbscan_eps8-a0.5-targeted_flip-f0.4-s2    acc 0.9576  macro-F1 0.8095  (163s)
2026-10-09 18:47:15 | grama.experiments | INFO | grama-hdbscan_eps8-a0.5-alie-f0.2-s2             acc 1.0000  macro-F1 1.0000  (163s)
2026-10-09 18:49:58 | grama.experiments | INFO | grama-hdbscan_eps8-a0.5-alie-f0.4-s2             acc 0.8485  macro-F1 0.4148  (163s)
2026-10-09 18:52:41 | grama.experiments | INFO | grama-hdbscan_mcs2-a0.5-clean-f0-s2              acc 1.0000  macro-F1 1.0000  (163s)
2026-10-09 18:55:24 | grama.experiments | INFO | grama-hdbscan_mcs2-a0.5-targeted_flip-f0.2-s2    acc 0.9993  macro-F1 0.9979  (163s)
2026-10-09 18:58:07 | grama.experiments | INFO | grama-hdbscan_mcs2-a0.5-targeted_flip-f0.4-s2    acc 0.9993  macro-F1 0.9985  (163s)
2026-10-09 19:00:50 | grama.experiments | INFO | grama-hdbscan_mcs2-a0.5-alie-f0.2-s2             acc 1.0000  macro-F1 1.0000  (163s)
2026-10-09 19:03:34 | grama.experiments | INFO | grama-hdbscan_mcs2-a0.5-alie-f0.4-s2             acc 0.9232  macro-F1 0.5638  (164s)
2026-10-09 19:06:17 | grama.experiments | INFO | grama-hdbscan_mcs5-a0.5-clean-f0-s2              acc 1.0000  macro-F1 1.0000  (163s)
2026-10-09 19:09:02 | grama.experiments | INFO | grama-hdbscan_mcs5-a0.5-targeted_flip-f0.2-s2    acc 1.0000  macro-F1 1.0000  (164s)
2026-10-09 19:11:45 | grama.experiments | INFO | grama-hdbscan_mcs5-a0.5-targeted_flip-f0.4-s2    acc 0.8816  macro-F1 0.6346  (163s)
2026-10-09 19:14:29 | grama.experiments | INFO | grama-hdbscan_mcs5-a0.5-alie-f0.2-s2             acc 1.0000  macro-F1 1.0000  (164s)
2026-10-09 19:17:11 | grama.experiments | INFO | grama-hdbscan_mcs5-a0.5-alie-f0.4-s2             acc 0.9095  macro-F1 0.5378  (162s)

Done in 208.9 min. Results: /home/jovyan/grama/results/def_grid/summary.md
2026-10-09 19:17:16 | grama.data.build | INFO | Reusing /home/jovyan/grama/data/processed/cic_iov2024_1427a6ad.pt
2026-10-09 19:17:16 | grama.experiments | INFO | Data: cic_iov2024_1427a6ad.pt | 78 nodes | train 6903 / test 1393 sequences | device NVIDIA A100 80GB PCIe (79 GB)
2026-10-09 19:17:16 | grama.experiments | INFO | Profile clients40: 60 runs planned, 0 already done, 60 to go
2026-10-09 19:17:16 | grama.models.mamba_block | INFO | MambaBlock: using the pure-PyTorch selective scan.
2026-10-09 19:19:44 | grama.experiments | INFO | grama-fedavg-a0.5-clean-f0-s0                    acc 1.0000  macro-F1 1.0000  (147s)
2026-10-09 19:22:10 | grama.experiments | INFO | grama-fedavg-a0.5-targeted_flip-f0.2-s0          acc 1.0000  macro-F1 1.0000  (146s)
2026-10-09 19:24:37 | grama.experiments | INFO | grama-fedavg-a0.5-targeted_flip-f0.4-s0          acc 0.9756  macro-F1 0.7969  (147s)
2026-10-09 19:27:03 | grama.experiments | INFO | grama-fedavg-a0.5-alie-f0.2-s0                   acc 1.0000  macro-F1 1.0000  (146s)
2026-10-09 19:29:32 | grama.experiments | INFO | grama-fedavg-a0.5-alie-f0.4-s0                   acc 0.9749  macro-F1 0.8869  (149s)
2026-10-09 19:31:59 | grama.experiments | INFO | grama-norm_clip-a0.5-clean-f0-s0                 acc 0.9921  macro-F1 0.9507  (147s)
2026-10-09 19:34:25 | grama.experiments | INFO | grama-norm_clip-a0.5-targeted_flip-f0.2-s0       acc 0.9921  macro-F1 0.9507  (146s)
2026-10-09 19:36:52 | grama.experiments | INFO | grama-norm_clip-a0.5-targeted_flip-f0.4-s0       acc 0.9749  macro-F1 0.7951  (147s)
2026-10-09 19:39:17 | grama.experiments | INFO | grama-norm_clip-a0.5-alie-f0.2-s0                acc 0.9921  macro-F1 0.9507  (144s)
2026-10-09 19:41:42 | grama.experiments | INFO | grama-norm_clip-a0.5-alie-f0.4-s0                acc 0.8076  macro-F1 0.5108  (145s)
2026-10-09 19:44:09 | grama.experiments | INFO | grama-flame-a0.5-clean-f0-s0                     acc 0.9842  macro-F1 0.8964  (146s)
2026-10-09 19:46:34 | grama.experiments | INFO | grama-flame-a0.5-targeted_flip-f0.2-s0           acc 0.9842  macro-F1 0.8964  (146s)
2026-10-09 19:49:00 | grama.experiments | INFO | grama-flame-a0.5-targeted_flip-f0.4-s0           acc 0.9921  macro-F1 0.9507  (146s)
2026-10-09 19:51:27 | grama.experiments | INFO | grama-flame-a0.5-alie-f0.2-s0                    acc 0.9842  macro-F1 0.8964  (147s)
2026-10-09 19:53:53 | grama.experiments | INFO | grama-flame-a0.5-alie-f0.4-s0                    acc 0.7990  macro-F1 0.4545  (146s)
2026-10-09 19:56:50 | grama.experiments | INFO | grama-hdbscan-a0.5-clean-f0-s0                   acc 0.9921  macro-F1 0.9507  (176s)
2026-10-09 19:59:45 | grama.experiments | INFO | grama-hdbscan-a0.5-targeted_flip-f0.2-s0         acc 0.9921  macro-F1 0.9507  (175s)
2026-10-09 20:02:37 | grama.experiments | INFO | grama-hdbscan-a0.5-targeted_flip-f0.4-s0         acc 0.9835  macro-F1 0.8946  (171s)
2026-10-09 20:05:33 | grama.experiments | INFO | grama-hdbscan-a0.5-alie-f0.2-s0                  acc 0.9921  macro-F1 0.9507  (176s)
2026-10-09 20:08:29 | grama.experiments | INFO | grama-hdbscan-a0.5-alie-f0.4-s0                  acc 0.8076  macro-F1 0.4721  (176s)
2026-10-09 20:10:57 | grama.experiments | INFO | grama-fedavg-a0.5-clean-f0-s1                    acc 0.9921  macro-F1 0.9605  (148s)
2026-10-09 20:13:26 | grama.experiments | INFO | grama-fedavg-a0.5-targeted_flip-f0.2-s1          acc 0.9928  macro-F1 0.9636  (149s)
2026-10-09 20:15:54 | grama.experiments | INFO | grama-fedavg-a0.5-targeted_flip-f0.4-s1          acc 0.7315  macro-F1 0.3155  (148s)
2026-10-09 20:18:23 | grama.experiments | INFO | grama-fedavg-a0.5-alie-f0.2-s1                   acc 1.0000  macro-F1 1.0000  (148s)
2026-10-09 20:20:51 | grama.experiments | INFO | grama-fedavg-a0.5-alie-f0.4-s1                   acc 0.9749  macro-F1 0.7947  (149s)
2026-10-09 20:23:20 | grama.experiments | INFO | grama-norm_clip-a0.5-clean-f0-s1                 acc 0.9921  macro-F1 0.9507  (149s)
2026-10-09 20:25:48 | grama.experiments | INFO | grama-norm_clip-a0.5-targeted_flip-f0.2-s1       acc 0.9842  macro-F1 0.9216  (148s)
2026-10-09 20:28:17 | grama.experiments | INFO | grama-norm_clip-a0.5-targeted_flip-f0.4-s1       acc 0.9505  macro-F1 0.8607  (148s)
2026-10-09 20:30:45 | grama.experiments | INFO | grama-norm_clip-a0.5-alie-f0.2-s1                acc 0.9849  macro-F1 0.9240  (148s)
2026-10-09 20:33:13 | grama.experiments | INFO | grama-norm_clip-a0.5-alie-f0.4-s1                acc 0.9576  macro-F1 0.8507  (148s)
2026-10-09 20:35:42 | grama.experiments | INFO | grama-flame-a0.5-clean-f0-s1                     acc 0.9763  macro-F1 0.8978  (148s)
2026-10-09 20:38:11 | grama.experiments | INFO | grama-flame-a0.5-targeted_flip-f0.2-s1           acc 0.9914  macro-F1 0.9575  (149s)
2026-10-09 20:40:40 | grama.experiments | INFO | grama-flame-a0.5-targeted_flip-f0.4-s1           acc 0.9828  macro-F1 0.8922  (149s)
2026-10-09 20:43:10 | grama.experiments | INFO | grama-flame-a0.5-alie-f0.2-s1                    acc 0.9921  macro-F1 0.9605  (150s)
2026-10-09 20:45:40 | grama.experiments | INFO | grama-flame-a0.5-alie-f0.4-s1                    acc 0.9239  macro-F1 0.6615  (149s)
2026-10-09 20:48:39 | grama.experiments | INFO | grama-hdbscan-a0.5-clean-f0-s1                   acc 1.0000  macro-F1 1.0000  (179s)
2026-10-09 20:51:38 | grama.experiments | INFO | grama-hdbscan-a0.5-targeted_flip-f0.2-s1         acc 1.0000  macro-F1 1.0000  (179s)
2026-10-09 20:54:38 | grama.experiments | INFO | grama-hdbscan-a0.5-targeted_flip-f0.4-s1         acc 0.9756  macro-F1 0.8960  (180s)
2026-10-09 20:57:35 | grama.experiments | INFO | grama-hdbscan-a0.5-alie-f0.2-s1                  acc 0.9921  macro-F1 0.9605  (177s)
2026-10-09 21:00:30 | grama.experiments | INFO | grama-hdbscan-a0.5-alie-f0.4-s1                  acc 0.9239  macro-F1 0.6615  (175s)
2026-10-09 21:02:59 | grama.experiments | INFO | grama-fedavg-a0.5-clean-f0-s2                    acc 1.0000  macro-F1 1.0000  (149s)
2026-10-09 21:05:29 | grama.experiments | INFO | grama-fedavg-a0.5-targeted_flip-f0.2-s2          acc 0.9921  macro-F1 0.9507  (150s)
2026-10-09 21:07:59 | grama.experiments | INFO | grama-fedavg-a0.5-targeted_flip-f0.4-s2          acc 0.9756  macro-F1 0.8957  (149s)
2026-10-09 21:10:32 | grama.experiments | INFO | grama-fedavg-a0.5-alie-f0.2-s2                   acc 0.9921  macro-F1 0.9507  (153s)
2026-10-09 21:13:05 | grama.experiments | INFO | grama-fedavg-a0.5-alie-f0.4-s2                   acc 0.9914  macro-F1 0.9483  (153s)
2026-10-09 21:15:38 | grama.experiments | INFO | grama-norm_clip-a0.5-clean-f0-s2                 acc 0.9921  macro-F1 0.9507  (153s)
2026-10-09 21:18:11 | grama.experiments | INFO | grama-norm_clip-a0.5-targeted_flip-f0.2-s2       acc 0.9914  macro-F1 0.9483  (152s)
2026-10-09 21:20:42 | grama.experiments | INFO | grama-norm_clip-a0.5-targeted_flip-f0.4-s2       acc 0.9749  macro-F1 0.7871  (151s)
2026-10-09 21:23:12 | grama.experiments | INFO | grama-norm_clip-a0.5-alie-f0.2-s2                acc 0.9921  macro-F1 0.9507  (150s)
2026-10-09 21:25:44 | grama.experiments | INFO | grama-norm_clip-a0.5-alie-f0.4-s2                acc 0.9914  macro-F1 0.9483  (152s)
2026-10-09 21:28:19 | grama.experiments | INFO | grama-flame-a0.5-clean-f0-s2                     acc 0.9842  macro-F1 0.9216  (154s)
2026-10-09 21:30:54 | grama.experiments | INFO | grama-flame-a0.5-targeted_flip-f0.2-s2           acc 0.9835  macro-F1 0.9192  (155s)
2026-10-09 21:33:26 | grama.experiments | INFO | grama-flame-a0.5-targeted_flip-f0.4-s2           acc 0.9921  macro-F1 0.9507  (152s)
2026-10-09 21:36:00 | grama.experiments | INFO | grama-flame-a0.5-alie-f0.2-s2                    acc 0.9842  macro-F1 0.9216  (153s)
2026-10-09 21:38:37 | grama.experiments | INFO | grama-flame-a0.5-alie-f0.4-s2                    acc 0.8327  macro-F1 0.5577  (157s)
2026-10-09 21:41:32 | grama.experiments | INFO | grama-hdbscan-a0.5-clean-f0-s2                   acc 1.0000  macro-F1 1.0000  (176s)
2026-10-09 21:44:35 | grama.experiments | INFO | grama-hdbscan-a0.5-targeted_flip-f0.2-s2         acc 0.9914  macro-F1 0.9483  (182s)
2026-10-09 21:47:35 | grama.experiments | INFO | grama-hdbscan-a0.5-targeted_flip-f0.4-s2         acc 0.9914  macro-F1 0.9483  (180s)
2026-10-09 21:50:32 | grama.experiments | INFO | grama-hdbscan-a0.5-alie-f0.2-s2                  acc 0.9921  macro-F1 0.9507  (178s)
2026-10-09 21:53:30 | grama.experiments | INFO | grama-hdbscan-a0.5-alie-f0.4-s2                  acc 0.9921  macro-F1 0.9507  (177s)

Done in 156.3 min. Results: /home/jovyan/grama/results/clients40/summary.md
2026-10-09 21:53:34 | grama.data.build | INFO | Reusing /home/jovyan/grama/data/processed/road_0bc0ca64.pt
2026-10-09 21:53:35 | grama.experiments | INFO | Data: road_0bc0ca64.pt | 107 nodes | train 29989 / test 14139 sequences | device NVIDIA A100 80GB PCIe (79 GB)
2026-10-09 21:53:35 | grama.experiments | INFO | Profile road_new_baselines: 30 runs planned, 0 already done, 30 to go
2026-10-09 21:53:35 | grama.models.mamba_block | INFO | MambaBlock: using the pure-PyTorch selective scan.
2026-10-09 22:03:46 | grama.experiments | INFO | grama-foolsgold-a0.5-clean-f0-s0                 acc 0.6051  macro-F1 0.5780  (607s)
2026-10-09 22:14:34 | grama.experiments | INFO | grama-foolsgold-a0.5-targeted_flip-f0.2-s0       acc 0.3982  macro-F1 0.2501  (642s)
2026-10-09 22:27:24 | grama.experiments | INFO | grama-foolsgold-a0.5-targeted_flip-f0.4-s0       acc 0.4758  macro-F1 0.3376  (763s)
2026-10-09 22:40:18 | grama.experiments | INFO | grama-foolsgold-a0.5-alie-f0.2-s0                acc 0.5189  macro-F1 0.3559  (767s)
2026-10-09 22:53:09 | grama.experiments | INFO | grama-foolsgold-a0.5-alie-f0.4-s0                acc 0.9516  macro-F1 0.7996  (765s)
2026-10-09 23:06:03 | grama.experiments | INFO | grama-deepsight-a0.5-clean-f0-s0                 acc 0.9526  macro-F1 0.7857  (768s)
2026-10-09 23:19:04 | grama.experiments | INFO | grama-deepsight-a0.5-targeted_flip-f0.2-s0       acc 0.4889  macro-F1 0.2198  (775s)
2026-10-09 23:31:42 | grama.experiments | INFO | grama-deepsight-a0.5-targeted_flip-f0.4-s0       acc 0.3391  macro-F1 0.0844  (752s)
2026-10-09 23:44:40 | grama.experiments | INFO | grama-deepsight-a0.5-alie-f0.2-s0                acc 0.5804  macro-F1 0.5752  (771s)
2026-10-09 23:57:50 | grama.experiments | INFO | grama-deepsight-a0.5-alie-f0.4-s0                acc 0.4862  macro-F1 0.2528  (783s)
2026-10-10 00:11:00 | grama.experiments | INFO | grama-freqfed-a0.5-clean-f0-s0                   acc 0.9462  macro-F1 0.7900  (784s)
2026-10-10 00:24:13 | grama.experiments | INFO | grama-freqfed-a0.5-targeted_flip-f0.2-s0         acc 0.9337  macro-F1 0.7801  (787s)
2026-10-10 00:37:12 | grama.experiments | INFO | grama-freqfed-a0.5-targeted_flip-f0.4-s0         acc 0.3404  macro-F1 0.0865  (773s)
2026-10-10 00:50:21 | grama.experiments | INFO | grama-freqfed-a0.5-alie-f0.2-s0                  acc 0.8489  macro-F1 0.7028  (783s)
2026-10-10 01:03:34 | grama.experiments | INFO | grama-freqfed-a0.5-alie-f0.4-s0                  acc 0.5691  macro-F1 0.3839  (786s)
2026-10-10 01:15:59 | grama.experiments | INFO | grama-foolsgold-a0.5-clean-f0-s1                 acc 0.7929  macro-F1 0.5527  (738s)
2026-10-10 01:28:24 | grama.experiments | INFO | grama-foolsgold-a0.5-targeted_flip-f0.2-s1       acc 0.5625  macro-F1 0.4118  (738s)
2026-10-10 01:40:58 | grama.experiments | INFO | grama-foolsgold-a0.5-targeted_flip-f0.4-s1       acc 0.6182  macro-F1 0.4192  (748s)
2026-10-10 01:53:35 | grama.experiments | INFO | grama-foolsgold-a0.5-alie-f0.2-s1                acc 0.6145  macro-F1 0.4192  (751s)
2026-10-10 02:06:07 | grama.experiments | INFO | grama-foolsgold-a0.5-alie-f0.4-s1                acc 0.3411  macro-F1 0.1426  (745s)
2026-10-10 02:18:18 | grama.experiments | INFO | grama-deepsight-a0.5-clean-f0-s1                 acc 0.7709  macro-F1 0.5815  (724s)
2026-10-10 02:30:54 | grama.experiments | INFO | grama-deepsight-a0.5-targeted_flip-f0.2-s1       acc 0.5709  macro-F1 0.2925  (750s)
2026-10-10 02:43:14 | grama.experiments | INFO | grama-deepsight-a0.5-targeted_flip-f0.4-s1       acc 0.3391  macro-F1 0.0844  (733s)
2026-10-10 02:55:42 | grama.experiments | INFO | grama-deepsight-a0.5-alie-f0.2-s1                acc 0.8859  macro-F1 0.7647  (742s)
2026-10-10 03:07:51 | grama.experiments | INFO | grama-deepsight-a0.5-alie-f0.4-s1                acc 0.7261  macro-F1 0.4895  (722s)
2026-10-10 03:20:30 | grama.experiments | INFO | grama-freqfed-a0.5-clean-f0-s1                   acc 0.8513  macro-F1 0.7047  (752s)
2026-10-10 03:33:09 | grama.experiments | INFO | grama-freqfed-a0.5-targeted_flip-f0.2-s1         acc 0.9085  macro-F1 0.6466  (753s)
2026-10-10 03:45:23 | grama.experiments | INFO | grama-freqfed-a0.5-targeted_flip-f0.4-s1         acc 0.3391  macro-F1 0.0844  (728s)
2026-10-10 03:58:07 | grama.experiments | INFO | grama-freqfed-a0.5-alie-f0.2-s1                  acc 0.9037  macro-F1 0.7576  (758s)
2026-10-10 04:10:59 | grama.experiments | INFO | grama-freqfed-a0.5-alie-f0.4-s1                  acc 0.8537  macro-F1 0.5698  (765s)

Done in 377.5 min. Results: /home/jovyan/grama/results/road_new_baselines/summary.md
2026-10-10 04:11:04 | grama.data.build | INFO | Reusing /home/jovyan/grama/data/processed/cantt_set_01_b0e5a072.pt
2026-10-10 04:11:05 | grama.experiments | INFO | Data: cantt_set_01_b0e5a072.pt | 53 nodes | train 11602 / test 6487 sequences | device NVIDIA A100 80GB PCIe (79 GB)
2026-10-10 04:11:05 | grama.experiments | INFO | Profile cantt1_new_baselines: 30 runs planned, 0 already done, 30 to go
2026-10-10 04:11:05 | grama.models.mamba_block | INFO | MambaBlock: using the pure-PyTorch selective scan.
2026-10-10 04:14:59 | grama.experiments | INFO | grama-foolsgold-a0.5-clean-f0-s0                 acc 0.8811  macro-F1 0.8690  (232s)
2026-10-10 04:18:51 | grama.experiments | INFO | grama-foolsgold-a0.5-targeted_flip-f0.2-s0       acc 0.8512  macro-F1 0.8323  (230s)
2026-10-10 04:22:31 | grama.experiments | INFO | grama-foolsgold-a0.5-targeted_flip-f0.4-s0       acc 0.9098  macro-F1 0.9023  (217s)
2026-10-10 04:26:10 | grama.experiments | INFO | grama-foolsgold-a0.5-alie-f0.2-s0                acc 0.8956  macro-F1 0.8859  (217s)
2026-10-10 04:29:49 | grama.experiments | INFO | grama-foolsgold-a0.5-alie-f0.4-s0                acc 0.9499  macro-F1 0.9486  (216s)
2026-10-10 04:33:26 | grama.experiments | INFO | grama-deepsight-a0.5-clean-f0-s0                 acc 0.8841  macro-F1 0.8723  (217s)
2026-10-10 04:37:07 | grama.experiments | INFO | grama-deepsight-a0.5-targeted_flip-f0.2-s0       acc 0.6522  macro-F1 0.5125  (218s)
2026-10-10 04:40:47 | grama.experiments | INFO | grama-deepsight-a0.5-targeted_flip-f0.4-s0       acc 0.5958  macro-F1 0.3779  (218s)
2026-10-10 04:44:26 | grama.experiments | INFO | grama-deepsight-a0.5-alie-f0.2-s0                acc 0.8674  macro-F1 0.8523  (217s)
2026-10-10 04:48:06 | grama.experiments | INFO | grama-deepsight-a0.5-alie-f0.4-s0                acc 0.9112  macro-F1 0.9043  (217s)
2026-10-10 04:51:45 | grama.experiments | INFO | grama-freqfed-a0.5-clean-f0-s0                   acc 0.9181  macro-F1 0.9118  (217s)
2026-10-10 04:55:25 | grama.experiments | INFO | grama-freqfed-a0.5-targeted_flip-f0.2-s0         acc 0.7204  macro-F1 0.6423  (217s)
2026-10-10 04:59:05 | grama.experiments | INFO | grama-freqfed-a0.5-targeted_flip-f0.4-s0         acc 0.6826  macro-F1 0.5739  (218s)
2026-10-10 05:02:28 | grama.experiments | INFO | grama-freqfed-a0.5-alie-f0.2-s0                  acc 0.9004  macro-F1 0.8915  (202s)
2026-10-10 05:04:33 | grama.experiments | INFO | grama-freqfed-a0.5-alie-f0.4-s0                  acc 0.9118  macro-F1 0.9062  (123s)
2026-10-10 05:07:38 | grama.experiments | INFO | grama-foolsgold-a0.5-clean-f0-s1                 acc 0.9616  macro-F1 0.9596  (183s)
2026-10-10 05:11:31 | grama.experiments | INFO | grama-foolsgold-a0.5-targeted_flip-f0.2-s1       acc 0.9212  macro-F1 0.9152  (230s)
2026-10-10 05:15:24 | grama.experiments | INFO | grama-foolsgold-a0.5-targeted_flip-f0.4-s1       acc 0.9104  macro-F1 0.9030  (231s)
2026-10-10 05:19:16 | grama.experiments | INFO | grama-foolsgold-a0.5-alie-f0.2-s1                acc 0.9214  macro-F1 0.9154  (230s)
2026-10-10 05:23:13 | grama.experiments | INFO | grama-foolsgold-a0.5-alie-f0.4-s1                acc 0.9502  macro-F1 0.9473  (235s)
2026-10-10 05:27:10 | grama.experiments | INFO | grama-deepsight-a0.5-clean-f0-s1                 acc 0.9439  macro-F1 0.9404  (235s)
2026-10-10 05:31:01 | grama.experiments | INFO | grama-deepsight-a0.5-targeted_flip-f0.2-s1       acc 0.9061  macro-F1 0.8980  (229s)
2026-10-10 05:34:39 | grama.experiments | INFO | grama-deepsight-a0.5-targeted_flip-f0.4-s1       acc 0.7711  macro-F1 0.7230  (216s)
2026-10-10 05:37:35 | grama.experiments | INFO | grama-deepsight-a0.5-alie-f0.2-s1                acc 0.9396  macro-F1 0.9356  (174s)
2026-10-10 05:41:25 | grama.experiments | INFO | grama-deepsight-a0.5-alie-f0.4-s1                acc 0.9470  macro-F1 0.9442  (228s)
2026-10-10 05:45:17 | grama.experiments | INFO | grama-freqfed-a0.5-clean-f0-s1                   acc 0.9726  macro-F1 0.9713  (230s)
2026-10-10 05:49:08 | grama.experiments | INFO | grama-freqfed-a0.5-targeted_flip-f0.2-s1         acc 0.9539  macro-F1 0.9513  (228s)
2026-10-10 05:52:59 | grama.experiments | INFO | grama-freqfed-a0.5-targeted_flip-f0.4-s1         acc 0.8636  macro-F1 0.8476  (228s)
2026-10-10 05:56:50 | grama.experiments | INFO | grama-freqfed-a0.5-alie-f0.2-s1                  acc 0.9721  macro-F1 0.9708  (229s)
2026-10-10 06:00:41 | grama.experiments | INFO | grama-freqfed-a0.5-alie-f0.4-s1                  acc 0.7370  macro-F1 0.7368  (229s)

Done in 109.6 min. Results: /home/jovyan/grama/results/cantt1_new_baselines/summary.md
